日期,城市,温度(℃),湿度(%),风速(m/s),降水量(mm)
2024-01-01,北京,8.6,20,7.3,0.0
2024-01-01,上海,4.8,20,9.0,8.2
2024-01-01,广州,9.5,20,11.4,0.0
2024-01-01,杭州,8.2,20,11.8,11.8
2024-01-01,成都,3.3,20,5.4,0.0
2024-01-02,北京,8.0,20,5.7,14.0
2024-01-02,上海,3.6,20,11.4,7.4
2024-01-02,广州,9.8,20,0.7,0.0
2024-01-02,杭州,2.7,20,10.4,0.0
2024-01-02,成都,-2.3,20,5.8,17.6
2024-01-03,北京,1.4,20,7.7,0.0
2024-01-03,上海,3.5,20,1.3,0.0
2024-01-03,广州,8.7,20,3.9,0.0
2024-01-03,杭州,6.7,20,6.7,0.0
2024-01-03,成都,3.4,20,7.6,23.3
2024-01-04,北京,4.9,20,10.7,9.1
2024-01-04,上海,6.3,20,4.7,0.0
2024-01-04,广州,10.0,20,8.7,24.5
2024-01-04,杭州,3.3,20,8.0,0.0
2024-01-04,成都,3.1,20,9.2,0.0
2024-01-05,北京,2.9,20,6.3,0.0
2024-01-05,上海,3.7,20,4.5,0.0
2024-01-05,广州,9.3,20,5.9,0.0
2024-01-05,杭州,7.7,20,5.7,0.0
2024-01-05,成都,2.5,20,2.7,0.0
2024-01-06,北京,0.4,20,10.8,23.9
2024-01-06,上海,4.0,20,1.8,3.8
2024-01-06,广州,8.2,20,0.8,0.0
2024-01-06,杭州,6.6,20,5.9,0.0
2024-01-06,成都,3.0,20,3.9,21.8
2024-01-07,北京,1.9,20,7.9,0.0
2024-01-07,上海,5.0,20,9.5,0.0
2024-01-07,广州,9.8,20,10.2,0.0
2024-01-07,杭州,3.8,20,10.8,19.7
2024-01-07,成都,-0.8,20,11.7,0.0
2024-01-08,北京,-0.0,20,3.8,0.0
2024-01-08,上海,6.3,20,8.7,24.3
2024-01-08,广州,10.4,20,2.4,24.8
2024-01-08,杭州,5.8,20,3.5,14.1
2024-01-08,成都,-2.2,20,11.7,11.2
2024-01-09,北京,9.7,20,4.0,0.0
2024-01-09,上海,5.3,20,9.3,0.0
2024-01-09,广州,10.7,20,0.5,0.0
2024-01-09,杭州,8.8,20,7.9,22.4
2024-01-09,成都,4.8,20,8.2,0.0
2024-01-10,北京,7.1,20,4.4,12.0
2024-01-10,上海,3.7,20,1.8,15.4
2024-01-10,广州,8.3,20,1.6,16.0
2024-01-10,杭州,5.9,20,9.5,0.0
2024-01-10,成都,-1.0,20,6.7,0.0
2024-01-11,北京,6.6,20,11.7,0.0
2024-01-11,上海,5.7,20,7.5,0.0
2024-01-11,广州,10.7,20,5.1,0.0
2024-01-11,杭州,4.7,20,4.8,8.8
2024-01-11,成都,4.8,20,1.5,0.0
2024-01-12,北京,4.2,20,9.7,20.1
2024-01-12,上海,7.9,20,8.9,0.0
2024-01-12,广州,10.4,20,1.5,11.9
2024-01-12,杭州,8.0,20,1.3,0.0
2024-01-12,成都,3.2,20,0.6,0.0
2024-01-13,北京,2.4,20,6.9,0.0
2024-01-13,上海,6.9,20,2.8,0.0
2024-01-13,广州,8.5,20,1.0,0.0
2024-01-13,杭州,7.8,20,6.2,0.0
2024-01-13,成都,-0.8,20,2.3,16.0
2024-01-14,北京,6.2,20,8.0,0.0
2024-01-14,上海,5.4,20,10.9,0.0
2024-01-14,广州,7.6,20,6.2,0.0
2024-01-14,杭州,6.0,20,7.2,0.0
2024-01-14,成都,4.0,20,8.4,0.0
2024-01-15,北京,8.1,20,6.4,0.0
2024-01-15,上海,7.3,20,7.2,11.5
2024-01-15,广州,9.9,20,2.4,10.5
2024-01-15,杭州,8.3,20,1.1,16.0
2024-01-15,成都,-1.9,20,9.3,2.4
2024-01-16,北京,7.4,20,4.2,21.1
2024-01-16,上海,7.1,20,8.4,0.0
2024-01-16,广州,7.8,20,4.5,3.4
2024-01-16,杭州,3.6,20,5.2,0.0
2024-01-16,成都,-1.3,20,2.3,4.7
2024-01-17,北京,8.9,20,8.4,0.0
2024-01-17,上海,7.3,20,8.6,0.0
2024-01-17,广州,9.0,20,1.8,0.4
2024-01-17,杭州,4.1,20,2.1,0.0
2024-01-17,成都,4.9,20,9.3,17.7
2024-01-18,北京,-0.2,20,3.1,0.0
2024-01-18,上海,4.1,20,4.0,24.5
2024-01-18,广州,9.0,20,1.4,0.0
2024-01-18,杭州,7.2,20,2.8,16.5
2024-01-18,成都,1.9,20,1.9,1.7
2024-01-19,北京,6.5,20,9.5,0.0
2024-01-19,上海,4.4,20,2.6,0.0
2024-01-19,广州,7.8,20,11.4,4.0
2024-01-19,杭州,5.3,20,3.3,0.0
2024-01-19,成都,-1.8,20,9.3,0.0
2024-01-20,北京,7.0,20,2.5,0.0
2024-01-20,上海,3.5,20,11.1,0.0
2024-01-20,广州,10.5,20,4.7,0.0
2024-01-20,杭州,4.8,20,2.6,0.0
2024-01-20,成都,0.3,20,6.4,0.0
2024-01-21,北京,7.5,20,1.9,3.4
2024-01-21,上海,6.9,20,6.9,8.2
2024-01-21,广州,7.9,20,5.8,0.0
2024-01-21,杭州,6.7,20,3.1,0.0
2024-01-21,成都,4.9,20,2.7,21.0
2024-01-22,北京,4.5,20,2.6,0.0
2024-01-22,上海,5.7,20,5.1,0.0
2024-01-22,广州,9.9,20,2.1,0.0
2024-01-22,杭州,5.9,20,9.0,0.0
2024-01-22,成都,-1.2,20,11.7,14.9
2024-01-23,北京,9.9,20,3.2,0.0
2024-01-23,上海,5.7,20,7.3,0.0
2024-01-23,广州,10.3,20,4.6,0.0
2024-01-23,杭州,8.6,20,6.4,11.4
2024-01-23,成都,-1.6,20,6.2,0.0
2024-01-24,北京,0.9,20,9.0,0.0
2024-01-24,上海,5.7,20,11.7,0.0
2024-01-24,广州,9.9,20,4.0,0.0
2024-01-24,杭州,7.2,20,9.3,0.0
2024-01-24,成都,-1.0,20,6.1,8.6
2024-01-25,北京,8.5,20,0.7,0.0
2024-01-25,上海,8.0,20,4.9,9.4
2024-01-25,广州,9.1,20,2.5,0.0
2024-01-25,杭州,7.3,20,6.2,17.9
2024-01-25,成都,1.2,20,7.0,0.0
2024-01-26,北京,5.3,20,7.1,0.0
2024-01-26,上海,7.3,20,1.1,14.8
2024-01-26,广州,8.8,20,9.3,1.5
2024-01-26,杭州,5.9,20,10.1,18.6
2024-01-26,成都,-2.3,20,4.4,8.6
2024-01-27,北京,3.3,20,1.1,5.9
2024-01-27,上海,4.9,20,11.0,7.6
2024-01-27,广州,8.7,20,6.7,16.4
2024-01-27,杭州,4.7,20,10.9,17.4
2024-01-27,成都,1.9,20,4.8,0.0
2024-01-28,北京,5.5,20,1.7,0.0
2024-01-28,上海,5.0,20,9.8,0.0
2024-01-28,广州,8.1,20,4.7,0.0
2024-01-28,杭州,5.2,20,10.2,0.0
2024-01-28,成都,-0.3,20,3.9,0.0
2024-01-29,北京,7.9,20,9.0,21.1
2024-01-29,上海,3.9,20,3.6,0.0
2024-01-29,广州,9.4,20,2.9,0.0
2024-01-29,杭州,6.4,20,6.3,16.6
2024-01-29,成都,-0.1,20,5.1,0.0
2024-01-30,北京,4.3,20,2.6,17.6
2024-01-30,上海,7.4,20,6.2,0.0
2024-01-30,广州,10.4,20,3.6,0.0
2024-01-30,杭州,7.6,20,11.2,0.0
2024-01-30,成都,-2.1,20,4.7,3.8
2024-01-31,北京,6.7,20,10.2,0.0
2024-01-31,上海,7.4,20,7.8,0.0
2024-01-31,广州,8.4,20,7.9,15.0
2024-01-31,杭州,4.5,20,2.2,19.9
2024-01-31,成都,-0.2,20,6.9,0.0
2024-02-01,北京,13.7,20,2.8,0.7
2024-02-01,上海,15.1,20,8.1,21.3
2024-02-01,广州,19.7,24,9.5,22.4
2024-02-01,杭州,9.8,20,10.5,0.0
2024-02-01,成都,6.9,20,8.2,0.0
2024-02-02,北京,10.0,20,3.2,0.0
2024-02-02,上海,12.5,20,6.5,0.0
2024-02-02,广州,19.6,25,3.4,0.0
2024-02-02,杭州,8.9,20,9.4,20.8
2024-02-02,成都,10.8,20,11.3,2.7
2024-02-03,北京,7.2,20,5.6,14.7
2024-02-03,上海,12.4,20,8.5,13.6
2024-02-03,广州,15.8,20,11.6,0.0
2024-02-03,杭州,17.2,20,6.0,0.0
2024-02-03,成都,5.7,26,11.6,0.0
2024-02-04,北京,16.6,20,8.4,0.0
2024-02-04,上海,10.2,21,4.9,0.0
2024-02-04,广州,17.6,20,6.7,11.1
2024-02-04,杭州,6.1,20,11.2,0.0
2024-02-04,成都,5.6,20,3.9,0.0
2024-02-05,北京,6.4,20,7.8,0.0
2024-02-05,上海,14.9,20,9.6,2.0
2024-02-05,广州,18.2,24,5.9,0.0
2024-02-05,杭州,16.1,20,10.6,0.0
2024-02-05,成都,11.9,20,6.3,0.0
2024-02-06,北京,13.0,20,9.0,0.0
2024-02-06,上海,8.2,20,7.9,11.1
2024-02-06,广州,17.1,20,5.1,0.0
2024-02-06,杭州,9.8,20,1.8,17.8
2024-02-06,成都,11.2,26,9.3,0.0
2024-02-07,北京,14.3,20,5.7,0.0
2024-02-07,上海,9.2,20,8.4,0.0
2024-02-07,广州,18.4,20,1.5,0.0
2024-02-07,杭州,10.7,20,11.4,0.0
2024-02-07,成都,4.7,20,11.1,0.0
2024-02-08,北京,13.4,20,11.7,17.5
2024-02-08,上海,9.5,20,7.6,0.0
2024-02-08,广州,13.2,20,2.5,0.0
2024-02-08,杭州,6.2,20,5.5,0.0
2024-02-08,成都,7.4,21,1.9,0.0
2024-02-09,北京,6.9,20,3.8,0.0
2024-02-09,上海,9.2,20,7.4,0.0
2024-02-09,广州,14.3,20,5.3,0.0
2024-02-09,杭州,7.8,20,11.7,11.3
2024-02-09,成都,5.0,24,8.4,0.0
2024-02-10,北京,4.2,20,10.5,0.0
2024-02-10,上海,11.6,20,8.7,0.0
2024-02-10,广州,17.9,20,1.3,0.0
2024-02-10,杭州,6.6,20,5.9,0.0
2024-02-10,成都,9.3,25,8.7,0.0
2024-02-11,北京,4.1,20,7.6,9.9
2024-02-11,上海,11.3,21,1.0,4.2
2024-02-11,广州,15.9,20,10.6,7.9
2024-02-11,杭州,12.4,20,3.5,24.5
2024-02-11,成都,8.0,20,9.1,0.0
2024-02-12,北京,8.2,20,7.5,0.0
2024-02-12,上海,10.4,20,5.5,18.4
2024-02-12,广州,15.9,20,6.9,0.0
2024-02-12,杭州,13.6,20,1.1,5.7
2024-02-12,成都,2.4,20,2.4,0.0
2024-02-13,北京,5.7,20,1.0,0.0
2024-02-13,上海,14.4,20,5.8,18.0
2024-02-13,广州,13.2,20,1.6,0.0
2024-02-13,杭州,8.2,20,9.1,0.0
2024-02-13,成都,8.8,24,2.9,0.0
2024-02-14,北京,4.1,20,2.6,0.0
2024-02-14,上海,10.2,20,8.3,0.0
2024-02-14,广州,12.2,20,5.0,0.0
2024-02-14,杭州,17.4,20,2.3,20.8
2024-02-14,成都,9.9,20,7.7,16.5
2024-02-15,北京,8.9,20,8.0,0.0
2024-02-15,上海,10.9,22,2.0,0.0
2024-02-15,广州,18.4,20,4.2,1.8
2024-02-15,杭州,17.4,20,1.6,6.0
2024-02-15,成都,11.3,20,1.5,0.0
2024-02-16,北京,6.4,20,3.8,0.0
2024-02-16,上海,13.9,20,3.9,0.0
2024-02-16,广州,17.9,20,10.9,0.0
2024-02-16,杭州,10.3,20,10.1,0.0
2024-02-16,成都,7.9,20,6.0,0.0
2024-02-17,北京,10.3,20,9.8,0.0
2024-02-17,上海,11.9,20,1.6,0.0
2024-02-17,广州,19.8,20,7.9,0.0
2024-02-17,杭州,17.2,20,7.7,0.0
2024-02-17,成都,5.5,20,1.4,0.0
2024-02-18,北京,8.5,20,8.4,6.2
2024-02-18,上海,11.8,22,1.0,1.1
2024-02-18,广州,12.9,22,5.2,0.0
2024-02-18,杭州,14.6,20,4.6,0.0
2024-02-18,成都,11.2,20,1.8,0.0
2024-02-19,北京,6.7,20,10.2,10.4
2024-02-19,上海,14.3,20,7.3,0.0
2024-02-19,广州,17.4,28,9.8,23.0
2024-02-19,杭州,15.7,20,2.6,0.0
2024-02-19,成都,9.2,20,5.5,9.9
2024-02-20,北京,4.2,22,6.0,0.0
2024-02-20,上海,15.8,23,8.8,20.3
2024-02-20,广州,16.9,21,9.8,3.4
2024-02-20,杭州,8.3,20,8.5,0.7
2024-02-20,成都,7.8,20,8.0,0.0
2024-02-21,北京,13.4,20,2.7,11.6
2024-02-21,上海,12.3,20,1.8,0.0
2024-02-21,广州,17.9,23,11.6,0.0
2024-02-21,杭州,16.3,22,3.3,20.7
2024-02-21,成都,6.7,20,0.6,0.0
2024-02-22,北京,14.7,20,10.3,0.0
2024-02-22,上海,13.4,21,12.0,10.0
2024-02-22,广州,16.1,28,11.3,0.0
2024-02-22,杭州,16.4,20,8.7,0.0
2024-02-22,成都,7.1,20,6.9,16.2
2024-02-23,北京,17.3,20,6.2,0.0
2024-02-23,上海,11.1,20,0.7,4.8
2024-02-23,广州,14.8,20,6.3,0.0
2024-02-23,杭州,14.2,23,10.3,0.0
2024-02-23,成都,7.6,20,8.8,0.0
2024-02-24,北京,10.3,22,8.9,0.0
2024-02-24,上海,15.2,20,7.7,18.7
2024-02-24,广州,17.3,20,2.5,12.3
2024-02-24,杭州,15.5,20,4.0,1.2
2024-02-24,成都,2.2,20,4.6,20.7
2024-02-25,北京,17.4,20,9.8,2.8
2024-02-25,上海,10.0,21,3.1,8.5
2024-02-25,广州,14.8,20,9.4,0.0
2024-02-25,杭州,16.8,20,7.4,1.3
2024-02-25,成都,13.4,20,11.6,0.0
2024-02-26,北京,18.6,21,7.5,0.0
2024-02-26,上海,8.9,21,1.0,15.7
2024-02-26,广州,19.0,20,2.3,11.0
2024-02-26,杭州,12.1,20,2.3,0.0
2024-02-26,成都,11.8,20,10.3,0.0
2024-02-27,北京,10.2,20,3.3,0.0
2024-02-27,上海,11.1,20,2.5,17.9
2024-02-27,广州,15.3,29,8.1,18.8
2024-02-27,杭州,11.1,20,2.1,0.0
2024-02-27,成都,13.0,20,11.4,0.0
2024-02-28,北京,14.2,20,5.6,0.0
2024-02-28,上海,14.5,20,11.4,7.9
2024-02-28,广州,19.9,20,5.5,0.0
2024-02-28,杭州,6.4,24,2.2,0.0
2024-02-28,成都,13.7,22,11.7,0.0
2024-02-29,北京,17.3,20,10.5,0.0
2024-02-29,上海,10.8,20,0.6,13.2
2024-02-29,广州,19.4,21,5.6,13.6
2024-02-29,杭州,15.5,24,5.6,20.3
2024-02-29,成都,9.8,20,10.6,13.4
2024-03-01,北京,14.7,20,6.5,0.0
2024-03-01,上海,14.2,27,6.8,0.0
2024-03-01,广州,24.2,21,0.8,0.0
2024-03-01,杭州,17.9,20,3.3,0.0
2024-03-01,成都,16.8,29,1.8,9.3
2024-03-02,北京,19.1,20,1.9,0.0
2024-03-02,上海,23.3,25,3.9,0.0
2024-03-02,广州,20.7,23,9.8,0.0
2024-03-02,杭州,18.3,31,8.2,0.0
2024-03-02,成都,9.1,22,3.8,0.0
2024-03-03,北京,20.7,20,8.7,0.0
2024-03-03,上海,14.6,21,6.4,19.5
2024-03-03,广州,20.7,20,8.7,0.0
2024-03-03,杭州,10.8,20,5.4,5.4
2024-03-03,成都,6.7,29,5.1,0.0
2024-03-04,北京,21.9,20,7.2,0.0
2024-03-04,上海,24.0,26,8.9,0.0
2024-03-04,广州,17.4,32,2.0,0.0
2024-03-04,杭州,11.5,27,10.4,5.3
2024-03-04,成都,12.8,20,11.4,0.0
2024-03-05,北京,25.1,28,10.3,9.2
2024-03-05,上海,15.1,27,2.3,0.0
2024-03-05,广州,26.9,25,3.9,3.6
2024-03-05,杭州,21.6,24,1.1,0.0
2024-03-05,成都,19.3,20,2.6,0.0
2024-03-06,北京,7.5,26,4.5,0.0
2024-03-06,上海,16.7,29,4.1,0.0
2024-03-06,广州,19.4,28,6.0,0.0
2024-03-06,杭州,18.9,20,6.3,0.0
2024-03-06,成都,12.5,27,2.2,0.0
2024-03-07,北京,9.2,28,8.1,0.0
2024-03-07,上海,14.4,23,4.4,16.8
2024-03-07,广州,20.6,24,7.9,0.0
2024-03-07,杭州,20.5,29,7.7,0.0
2024-03-07,成都,10.3,33,1.9,0.0
2024-03-08,北京,11.1,28,6.7,0.0
2024-03-08,上海,23.5,27,2.7,0.0
2024-03-08,广州,25.8,20,8.1,0.0
2024-03-08,杭州,24.4,20,9.5,17.6
2024-03-08,成都,19.3,27,1.5,0.0
2024-03-09,北京,13.4,27,1.0,0.0
2024-03-09,上海,11.8,24,2.6,13.2
2024-03-09,广州,19.9,20,1.8,4.2
2024-03-09,杭州,11.7,20,9.3,23.8
2024-03-09,成都,16.0,20,7.6,0.7
2024-03-10,北京,8.6,21,1.6,22.3
2024-03-10,上海,14.7,20,1.1,14.9
2024-03-10,广州,18.2,32,9.2,0.0
2024-03-10,杭州,11.3,20,4.2,0.0
2024-03-10,成都,6.5,20,5.2,22.2
2024-03-11,北京,12.5,27,8.3,13.9
2024-03-11,上海,21.3,20,7.0,0.0
2024-03-11,广州,25.2,32,2.8,0.0
2024-03-11,杭州,15.3,20,9.5,0.0
2024-03-11,成都,12.1,30,5.7,11.6
2024-03-12,北京,22.8,20,8.0,1.5
2024-03-12,上海,23.0,20,7.4,0.0
2024-03-12,广州,19.9,27,10.2,21.0
2024-03-12,杭州,13.9,20,9.0,0.0
2024-03-12,成都,10.2,25,8.5,0.0
2024-03-13,北京,20.9,20,10.6,12.6
2024-03-13,上海,21.5,21,7.8,0.0
2024-03-13,广州,23.6,24,3.3,0.0
2024-03-13,杭州,14.8,25,11.5,22.9
2024-03-13,成都,7.6,20,7.5,0.2
2024-03-14,北京,10.7,26,10.8,0.0
2024-03-14,上海,21.0,28,1.4,0.0
2024-03-14,广州,23.0,33,0.9,0.0
2024-03-14,杭州,19.9,20,4.6,0.0
2024-03-14,成都,18.3,24,4.9,0.0
2024-03-15,北京,22.5,20,1.9,0.0
2024-03-15,上海,13.9,20,3.0,7.0
2024-03-15,广州,26.1,27,2.7,0.0
2024-03-15,杭州,19.2,20,3.2,0.0
2024-03-15,成都,11.1,21,6.2,0.0
2024-03-16,北京,18.7,20,2.8,0.0
2024-03-16,上海,16.5,20,7.0,0.0
2024-03-16,广州,21.8,34,8.2,0.0
2024-03-16,杭州,12.2,29,2.0,6.5
2024-03-16,成都,14.3,20,10.6,0.0
2024-03-17,北京,12.6,20,11.9,0.0
2024-03-17,上海,18.2,20,8.3,0.0
2024-03-17,广州,15.5,29,7.9,0.0
2024-03-17,杭州,10.3,21,5.5,0.0
2024-03-17,成都,9.7,29,5.9,0.0
2024-03-18,北京,21.5,20,1.0,0.0
2024-03-18,上海,18.2,21,0.6,2.0
2024-03-18,广州,22.1,20,11.9,17.2
2024-03-18,杭州,24.3,20,2.8,1.6
2024-03-18,成都,15.2,20,6.0,0.0
2024-03-19,北京,18.5,29,11.3,0.0
2024-03-19,上海,14.6,26,3.2,1.4
2024-03-19,广州,19.3,23,11.4,0.0
2024-03-19,杭州,19.1,20,7.7,0.0
2024-03-19,成都,6.8,20,11.0,0.0
2024-03-20,北京,24.0,20,9.5,20.1
2024-03-20,上海,12.2,30,7.7,16.9
2024-03-20,广州,21.9,25,10.3,0.0
2024-03-20,杭州,19.1,24,3.2,0.0
2024-03-20,成都,15.7,20,5.7,0.0
2024-03-21,北京,15.4,28,7.6,23.4
2024-03-21,上海,21.3,25,6.4,0.0
2024-03-21,广州,16.7,20,7.3,19.7
2024-03-21,杭州,12.5,29,1.9,0.0
2024-03-21,成都,11.0,28,8.8,0.0
2024-03-22,北京,12.0,20,1.2,10.9
2024-03-22,上海,23.5,22,4.1,0.0
2024-03-22,广州,24.4,20,5.9,0.0
2024-03-22,杭州,14.0,20,6.5,0.0
2024-03-22,成都,7.7,20,6.3,0.0
2024-03-23,北京,23.4,22,4.5,0.0
2024-03-23,上海,19.5,20,9.5,16.7
2024-03-23,广州,23.5,30,7.4,14.5
2024-03-23,杭州,24.4,30,3.9,2.6
2024-03-23,成都,19.1,20,6.2,0.0
2024-03-24,北京,19.3,20,5.9,12.0
2024-03-24,上海,21.1,21,9.8,0.0
2024-03-24,广州,20.1,20,4.7,0.8
2024-03-24,杭州,11.3,20,5.6,0.0
2024-03-24,成都,19.6,24,1.0,4.9
2024-03-25,北京,10.7,20,8.8,13.9
2024-03-25,上海,13.7,20,2.5,2.5
2024-03-25,广州,25.1,20,4.9,0.0
2024-03-25,杭州,11.2,20,4.0,20.2
2024-03-25,成都,15.7,29,11.7,0.0
2024-03-26,北京,23.8,20,1.9,0.0
2024-03-26,上海,13.1,20,2.7,0.0
2024-03-26,广州,19.8,35,5.4,0.0
2024-03-26,杭州,23.8,30,7.3,0.0
2024-03-26,成都,10.1,20,4.3,19.9
2024-03-27,北京,23.6,25,11.6,0.0
2024-03-27,上海,14.1,20,9.5,0.0
2024-03-27,广州,22.6,21,6.3,0.0
2024-03-27,杭州,19.5,27,4.8,0.0
2024-03-27,成都,8.3,24,6.5,0.0
2024-03-28,北京,25.2,24,3.6,0.0
2024-03-28,上海,23.0,29,8.0,22.4
2024-03-28,广州,20.7,23,5.1,22.2
2024-03-28,杭州,18.4,22,3.4,18.8
2024-03-28,成都,10.1,29,4.5,0.0
2024-03-29,北京,16.1,28,4.4,0.0
2024-03-29,上海,16.9,22,9.8,9.6
2024-03-29,广州,17.6,23,3.6,22.5
2024-03-29,杭州,14.1,27,6.4,0.0
2024-03-29,成都,17.7,20,1.6,1.0
2024-03-30,北京,11.2,20,8.3,18.6
2024-03-30,上海,21.1,20,2.7,0.0
2024-03-30,广州,17.1,33,11.0,7.5
2024-03-30,杭州,22.2,23,11.4,0.0
2024-03-30,成都,17.2,20,5.9,0.0
2024-03-31,北京,21.6,20,10.5,18.1
2024-03-31,上海,14.1,20,6.4,0.0
2024-03-31,广州,24.2,30,4.4,21.1
2024-03-31,杭州,16.1,24,2.9,0.0
2024-03-31,成都,14.2,24,2.1,0.0
2024-04-01,北京,16.4,20,6.2,0.0
2024-04-01,上海,19.3,23,5.3,0.0
2024-04-01,广州,23.6,38,3.9,0.0
2024-04-01,杭州,22.2,20,11.1,23.8
2024-04-01,成都,13.9,38,9.7,0.0
2024-04-02,北京,22.1,26,11.8,9.8
2024-04-02,上海,22.0,22,6.0,24.0
2024-04-02,广州,26.9,30,1.6,13.8
2024-04-02,杭州,12.6,35,6.1,1.7
2024-04-02,成都,25.3,27,2.9,13.1
2024-04-03,北京,19.5,25,6.5,21.5
2024-04-03,上海,20.2,21,11.9,10.5
2024-04-03,广州,28.4,33,11.5,0.0
2024-04-03,杭州,14.3,22,4.1,0.0
2024-04-03,成都,20.0,23,7.4,0.0
2024-04-04,北京,22.3,30,8.7,0.0
2024-04-04,上海,17.0,20,5.6,0.0
2024-04-04,广州,26.5,28,6.5,0.0
2024-04-04,杭州,27.8,30,5.8,2.3
2024-04-04,成都,19.6,32,4.5,0.0
2024-04-05,北京,26.6,26,7.5,0.0
2024-04-05,上海,16.6,23,2.6,0.0
2024-04-05,广州,24.0,33,11.0,14.2
2024-04-05,杭州,19.1,20,3.3,0.0
2024-04-05,成都,12.9,38,6.7,0.0
2024-04-06,北京,11.4,20,11.0,0.0
2024-04-06,上海,25.4,20,11.9,2.6
2024-04-06,广州,28.7,31,5.2,5.2
2024-04-06,杭州,12.8,20,1.3,0.0
2024-04-06,成都,21.5,30,4.5,0.0
2024-04-07,北京,14.1,20,0.6,22.9
2024-04-07,上海,18.9,30,6.1,13.7
2024-04-07,广州,21.4,35,2.1,0.0
2024-04-07,杭州,27.1,21,10.1,0.0
2024-04-07,成都,11.2,21,6.6,0.0
2024-04-08,北京,11.6,20,8.3,9.0
2024-04-08,上海,17.3,20,10.8,0.0
2024-04-08,广州,24.2,22,10.1,0.0
2024-04-08,杭州,23.5,20,5.0,1.3
2024-04-08,成都,8.1,30,9.3,0.0
2024-04-09,北京,17.9,21,2.8,0.7
2024-04-09,上海,14.2,22,8.3,24.0
2024-04-09,广州,19.4,26,8.8,12.8
2024-04-09,杭州,26.7,26,7.0,5.2
2024-04-09,成都,17.8,31,1.9,8.9
2024-04-10,北京,13.6,26,8.0,5.3
2024-04-10,上海,17.3,24,8.0,0.0
2024-04-10,广州,18.9,27,5.2,0.0
2024-04-10,杭州,21.0,20,8.7,0.0
2024-04-10,成都,24.6,36,2.5,0.0
2024-04-11,北京,22.6,34,8.5,0.0
2024-04-11,上海,28.6,20,4.3,0.0
2024-04-11,广州,30.4,31,11.7,0.0
2024-04-11,杭州,13.2,20,7.5,0.0
2024-04-11,成都,14.9,38,9.0,0.0
2024-04-12,北京,24.8,20,3.2,0.0
2024-04-12,上海,27.5,25,3.2,0.0
2024-04-12,广州,21.4,23,1.2,0.0
2024-04-12,杭州,17.3,20,4.8,0.0
2024-04-12,成都,12.3,37,11.9,0.0
2024-04-13,北京,28.4,20,3.7,0.0
2024-04-13,上海,25.4,32,9.6,0.0
2024-04-13,广州,29.4,21,3.1,0.0
2024-04-13,杭州,18.2,22,6.7,0.0
2024-04-13,成都,20.0,25,9.7,0.0
2024-04-14,北京,14.7,26,6.5,15.7
2024-04-14,上海,15.0,31,1.3,15.9
2024-04-14,广州,20.0,27,1.9,13.7
2024-04-14,杭州,26.3,22,3.2,18.1
2024-04-14,成都,13.6,24,3.3,6.2
2024-04-15,北京,16.0,28,11.6,21.6
2024-04-15,上海,21.2,27,5.1,11.0
2024-04-15,广州,25.1,34,9.2,0.0
2024-04-15,杭州,26.3,20,9.3,0.0
2024-04-15,成都,9.5,27,7.3,18.2
2024-04-16,北京,15.4,28,4.0,14.1
2024-04-16,上海,21.2,26,2.1,0.0
2024-04-16,广州,20.2,27,0.5,0.0
2024-04-16,杭州,25.1,27,6.2,0.0
2024-04-16,成都,24.9,29,4.9,24.7
2024-04-17,北京,11.5,20,11.9,23.3
2024-04-17,上海,16.4,29,11.5,0.0
2024-04-17,广州,28.5,32,6.4,0.0
2024-04-17,杭州,24.4,20,8.0,0.0
2024-04-17,成都,21.2,25,6.0,0.0
2024-04-18,北京,17.6,20,8.5,0.0
2024-04-18,上海,17.9,30,11.4,6.2
2024-04-18,广州,26.1,26,0.6,0.0
2024-04-18,杭州,23.6,28,5.1,0.0
2024-04-18,成都,24.2,34,11.0,0.0
2024-04-19,北京,13.5,27,3.4,24.2
2024-04-19,上海,23.9,28,7.2,0.0
2024-04-19,广州,28.5,23,1.8,0.0
2024-04-19,杭州,26.4,20,3.6,18.7
2024-04-19,成都,20.6,20,11.9,0.0
2024-04-20,北京,10.0,20,9.4,0.0
2024-04-20,上海,20.3,25,8.9,9.4
2024-04-20,广州,27.9,27,6.1,0.0
2024-04-20,杭州,14.0,34,9.9,1.5
2024-04-20,成都,11.3,24,3.5,0.0
2024-04-21,北京,18.6,34,11.0,15.9
2024-04-21,上海,15.2,20,4.8,8.6
2024-04-21,广州,26.2,36,6.1,0.0
2024-04-21,杭州,12.2,24,9.1,14.6
2024-04-21,成都,25.8,21,2.9,0.0
2024-04-22,北京,17.9,30,11.8,0.0
2024-04-22,上海,28.0,31,9.2,0.0
2024-04-22,广州,22.7,31,12.0,0.0
2024-04-22,杭州,28.9,28,4.9,8.9
2024-04-22,成都,13.9,21,0.5,0.0
2024-04-23,北京,18.4,20,0.8,13.3
2024-04-23,上海,28.3,23,4.7,0.0
2024-04-23,广州,27.2,36,6.4,0.0
2024-04-23,杭州,12.1,36,11.5,0.0
2024-04-23,成都,8.3,29,10.5,0.0
2024-04-24,北京,25.5,28,3.2,0.0
2024-04-24,上海,25.1,20,4.5,0.0
2024-04-24,广州,31.2,36,11.8,0.0
2024-04-24,杭州,28.3,28,3.9,3.6
2024-04-24,成都,17.4,36,9.5,0.0
2024-04-25,北京,10.7,29,9.7,16.8
2024-04-25,上海,22.2,30,2.4,0.0
2024-04-25,广州,19.6,38,3.3,18.8
2024-04-25,杭州,23.9,20,1.7,0.0
2024-04-25,成都,8.5,28,10.9,0.0
2024-04-26,北京,14.6,22,8.2,0.0
2024-04-26,上海,24.1,20,11.1,0.0
2024-04-26,广州,24.9,31,10.5,0.0
2024-04-26,杭州,25.8,35,1.2,22.8
2024-04-26,成都,21.4,30,8.0,0.0
2024-04-27,北京,30.3,27,9.8,2.9
2024-04-27,上海,15.3,20,4.4,0.0
2024-04-27,广州,20.6,24,7.1,7.8
2024-04-27,杭州,18.8,20,4.1,0.0
2024-04-27,成都,11.4,30,11.8,9.1
2024-04-28,北京,24.3,20,6.5,0.0
2024-04-28,上海,17.3,28,0.6,0.0
2024-04-28,广州,22.4,30,10.1,0.0
2024-04-28,杭州,20.2,35,3.8,0.0
2024-04-28,成都,23.3,20,7.4,24.8
2024-04-29,北京,12.6,32,6.0,0.0
2024-04-29,上海,21.4,28,1.2,0.0
2024-04-29,广州,20.1,27,10.3,0.0
2024-04-29,杭州,16.1,20,11.1,0.0
2024-04-29,成都,23.4,30,3.9,0.0
2024-04-30,北京,29.2,20,11.9,0.0
2024-04-30,上海,19.1,31,11.9,0.0
2024-04-30,广州,23.5,37,8.9,23.1
2024-04-30,杭州,24.6,33,5.0,18.8
2024-04-30,成都,18.4,20,10.3,0.0
2024-05-01,北京,21.8,22,7.1,0.0
2024-05-01,上海,23.5,23,2.9,0.0
2024-05-01,广州,22.5,44,0.6,0.0
2024-05-01,杭州,24.7,23,4.8,0.0
2024-05-01,成都,22.7,26,11.1,24.4
2024-05-02,北京,15.5,20,1.8,0.0
2024-05-02,上海,21.1,32,11.7,0.0
2024-05-02,广州,25.8,25,1.9,0.0
2024-05-02,杭州,19.4,38,11.5,0.0
2024-05-02,成都,16.8,23,9.4,0.0
2024-05-03,北京,26.1,25,7.8,0.0
2024-05-03,上海,15.7,22,1.5,0.0
2024-05-03,广州,29.9,40,3.1,0.0
2024-05-03,杭州,32.8,34,3.6,0.0
2024-05-03,成都,25.0,26,4.9,0.0
2024-05-04,北京,27.3,26,7.1,1.6
2024-05-04,上海,30.5,36,2.6,0.0
2024-05-04,广州,19.8,41,9.9,0.0
2024-05-04,杭州,23.8,21,6.5,0.0
2024-05-04,成都,23.4,41,1.9,0.0
2024-05-05,北京,33.2,20,2.6,0.0
2024-05-05,上海,18.5,36,5.6,1.0
2024-05-05,广州,28.4,44,2.4,0.0
2024-05-05,杭州,30.1,20,1.5,7.5
2024-05-05,成都,28.3,26,5.4,0.0
2024-05-06,北京,11.5,26,1.0,0.0
2024-05-06,上海,30.4,28,8.1,0.0
2024-05-06,广州,28.4,34,6.5,0.0
2024-05-06,杭州,20.4,36,6.4,0.0
2024-05-06,成都,22.4,22,3.2,7.5
2024-05-07,北京,30.2,21,7.4,9.0
2024-05-07,上海,17.6,38,5.4,0.0
2024-05-07,广州,23.5,44,10.9,0.0
2024-05-07,杭州,15.1,27,8.3,0.0
2024-05-07,成都,12.3,27,1.3,0.0
2024-05-08,北京,33.9,37,2.7,0.0
2024-05-08,上海,26.3,35,7.5,0.0
2024-05-08,广州,21.9,37,4.9,0.0
2024-05-08,杭州,18.3,27,1.9,13.7
2024-05-08,成都,10.8,41,1.5,0.0
2024-05-09,北京,29.0,21,10.5,0.2
2024-05-09,上海,21.7,26,4.9,23.1
2024-05-09,广州,22.2,33,7.3,0.0
2024-05-09,杭州,15.4,30,8.6,0.0
2024-05-09,成都,20.3,40,1.6,7.9
2024-05-10,北京,28.4,22,4.5,0.0
2024-05-10,上海,31.5,36,6.8,0.0
2024-05-10,广州,25.7,42,2.0,12.8
2024-05-10,杭州,16.5,23,2.1,0.0
2024-05-10,成都,14.7,41,11.7,0.0
2024-05-11,北京,17.1,36,5.3,0.0
2024-05-11,上海,22.7,30,9.7,0.0
2024-05-11,广州,23.8,37,6.5,0.0
2024-05-11,杭州,31.5,26,4.0,0.0
2024-05-11,成都,28.0,34,9.4,0.0
2024-05-12,北京,25.8,20,8.9,0.0
2024-05-12,上海,18.2,20,1.5,23.2
2024-05-12,广州,32.0,24,11.6,0.0
2024-05-12,杭州,23.4,23,6.0,0.0
2024-05-12,成都,29.0,38,8.5,0.0
2024-05-13,北京,25.4,20,8.7,0.0
2024-05-13,上海,27.9,26,11.9,0.0
2024-05-13,广州,33.8,40,8.4,11.2
2024-05-13,杭州,16.8,35,10.9,9.2
2024-05-13,成都,12.1,32,11.5,0.0
2024-05-14,北京,20.0,28,11.7,17.0
2024-05-14,上海,29.2,22,3.8,0.0
2024-05-14,广州,23.6,24,9.0,0.0
2024-05-14,杭州,17.7,28,11.2,0.0
2024-05-14,成都,19.6,22,11.3,0.0
2024-05-15,北京,30.6,20,4.6,0.0
2024-05-15,上海,20.9,30,1.7,18.1
2024-05-15,广州,25.7,24,1.7,0.0
2024-05-15,杭州,15.2,35,10.8,0.0
2024-05-15,成都,27.3,21,2.3,0.0
2024-05-16,北京,16.6,29,4.8,0.0
2024-05-16,上海,30.2,36,9.8,11.0
2024-05-16,广州,32.5,29,2.1,0.0
2024-05-16,杭州,13.6,25,1.8,3.3
2024-05-16,成都,17.7,31,10.9,5.0
2024-05-17,北京,22.3,25,1.9,0.0
2024-05-17,上海,23.7,23,4.2,0.0
2024-05-17,广州,33.2,40,8.8,0.0
2024-05-17,杭州,29.6,23,1.8,0.5
2024-05-17,成都,12.5,37,0.7,0.0
2024-05-18,北京,12.7,27,5.4,0.0
2024-05-18,上海,15.6,34,3.8,0.0
2024-05-18,广州,31.3,31,7.6,0.0
2024-05-18,杭州,17.1,27,9.3,0.0
2024-05-18,成都,28.9,28,8.2,0.0
2024-05-19,北京,22.2,20,8.6,0.0
2024-05-19,上海,18.5,37,7.7,3.0
2024-05-19,广州,25.7,32,11.9,0.0
2024-05-19,杭州,21.8,38,2.8,0.0
2024-05-19,成都,16.9,37,4.0,0.0
2024-05-20,北京,16.7,27,5.4,10.7
2024-05-20,上海,16.4,22,3.6,8.8
2024-05-20,广州,26.0,34,10.8,0.0
2024-05-20,杭州,26.4,29,2.9,0.0
2024-05-20,成都,27.2,24,5.5,12.3
2024-05-21,北京,19.0,20,1.6,13.8
2024-05-21,上海,29.7,29,4.6,0.0
2024-05-21,广州,31.0,42,6.6,0.0
2024-05-21,杭州,26.2,25,7.2,2.7
2024-05-21,成都,21.8,40,1.9,0.0
2024-05-22,北京,32.0,37,9.9,11.1
2024-05-22,上海,17.1,36,7.6,11.9
2024-05-22,广州,31.3,41,8.8,4.8
2024-05-22,杭州,24.2,27,10.8,0.0
2024-05-22,成都,26.0,38,11.7,0.0
2024-05-23,北京,21.6,20,11.0,10.5
2024-05-23,上海,30.9,35,9.6,6.9
2024-05-23,广州,34.5,33,1.0,0.0
2024-05-23,杭州,29.0,25,9.0,0.0
2024-05-23,成都,22.9,37,11.7,18.8
2024-05-24,北京,20.1,29,5.1,4.6
2024-05-24,上海,18.1,25,7.3,23.2
2024-05-24,广州,27.4,40,8.6,0.0
2024-05-24,杭州,19.4,26,3.9,3.0
2024-05-24,成都,13.9,38,3.2,3.7
2024-05-25,北京,31.4,21,3.6,0.0
2024-05-25,上海,26.1,26,11.9,2.9
2024-05-25,广州,29.6,44,7.5,0.0
2024-05-25,杭州,15.1,36,3.5,22.5
2024-05-25,成都,15.3,22,7.7,8.9
2024-05-26,北京,27.9,25,2.5,0.0
2024-05-26,上海,24.4,37,1.7,0.0
2024-05-26,广州,25.4,44,3.5,0.0
2024-05-26,杭州,25.3,25,9.9,6.7
2024-05-26,成都,20.8,33,2.3,18.2
2024-05-27,北京,19.8,32,1.6,4.6
2024-05-27,上海,29.7,25,7.1,0.0
2024-05-27,广州,22.3,33,0.7,4.4
2024-05-27,杭州,21.2,38,2.7,10.7
2024-05-27,成都,18.4,41,11.7,13.2
2024-05-28,北京,27.9,20,7.4,0.0
2024-05-28,上海,15.8,20,9.3,0.0
2024-05-28,广州,20.2,31,9.4,23.5
2024-05-28,杭州,25.2,20,11.5,18.4
2024-05-28,成都,16.1,23,2.8,0.0
2024-05-29,北京,24.2,31,9.9,12.0
2024-05-29,上海,19.5,36,8.5,0.0
2024-05-29,广州,21.4,25,1.7,12.8
2024-05-29,杭州,29.8,23,0.5,5.7
2024-05-29,成都,17.0,32,8.0,22.0
2024-05-30,北京,20.2,20,6.2,0.0
2024-05-30,上海,19.2,28,4.6,0.0
2024-05-30,广州,21.3,26,10.8,0.0
2024-05-30,杭州,17.0,35,4.4,10.6
2024-05-30,成都,26.9,30,7.7,21.9
2024-05-31,北京,17.6,32,8.1,0.0
2024-05-31,上海,28.9,21,9.6,0.0
2024-05-31,广州,34.7,44,2.2,11.2
2024-05-31,杭州,29.0,34,9.9,10.7
2024-05-31,成都,23.7,25,1.5,0.0
2024-06-01,北京,16.2,30,4.6,0.0
2024-06-01,上海,24.2,33,7.4,0.0
2024-06-01,广州,22.2,45,11.1,0.0
2024-06-01,杭州,25.0,37,6.6,0.0
2024-06-01,成都,26.4,34,1.5,0.0
2024-06-02,北京,24.1,25,8.6,0.1
2024-06-02,上海,32.9,20,4.7,0.0
2024-06-02,广州,22.1,28,1.2,21.2
2024-06-02,杭州,31.3,24,3.9,21.3
2024-06-02,成都,29.4,35,3.3,0.0
2024-06-03,北京,13.3,22,1.8,0.0
2024-06-03,上海,18.4,20,8.5,0.0
2024-06-03,广州,20.9,28,8.1,20.9
2024-06-03,杭州,31.4,20,2.2,6.1
2024-06-03,成都,10.2,35,2.2,18.6
2024-06-04,北京,29.2,27,5.9,0.0
2024-06-04,上海,23.5,40,8.5,3.9
2024-06-04,广州,34.1,26,7.4,4.0
2024-06-04,杭州,21.9,33,8.3,0.0
2024-06-04,成都,21.1,30,11.1,0.0
2024-06-05,北京,28.3,31,11.2,2.3
2024-06-05,上海,22.4,24,9.0,0.0
2024-06-05,广州,20.9,37,2.6,0.0
2024-06-05,杭州,25.2,22,9.9,0.0
2024-06-05,成都,16.3,42,5.2,0.0
2024-06-06,北京,13.3,29,7.9,2.7
2024-06-06,上海,17.3,39,9.5,6.0
2024-06-06,广州,22.6,28,1.3,0.0
2024-06-06,杭州,29.1,29,2.7,23.2
2024-06-06,成都,14.8,24,11.7,0.0
2024-06-07,北京,25.0,33,1.0,23.6
2024-06-07,上海,16.1,31,9.1,0.0
2024-06-07,广州,28.0,35,9.1,0.0
2024-06-07,杭州,33.5,23,4.3,0.0
2024-06-07,成都,20.1,38,9.8,14.7
2024-06-08,北京,20.8,36,10.5,4.0
2024-06-08,上海,27.6,22,10.7,18.0
2024-06-08,广州,34.2,45,2.1,0.0
2024-06-08,杭州,33.9,36,6.4,0.0
2024-06-08,成都,23.0,32,5.6,7.3
2024-06-09,北京,26.3,31,1.0,0.0
2024-06-09,上海,27.6,27,2.9,0.0
2024-06-09,广州,21.2,29,7.0,0.0
2024-06-09,杭州,15.9,20,2.1,0.0
2024-06-09,成都,20.9,24,6.2,0.0
2024-06-10,北京,15.9,27,2.4,9.1
2024-06-10,上海,17.5,25,8.7,0.0
2024-06-10,广州,35.8,33,9.3,0.0
2024-06-10,杭州,32.5,23,11.7,0.0
2024-06-10,成都,17.3,31,5.1,0.0
2024-06-11,北京,33.1,22,5.6,0.0
2024-06-11,上海,26.6,30,4.8,0.0
2024-06-11,广州,28.1,33,10.6,0.0
2024-06-11,杭州,14.9,40,1.2,0.0
2024-06-11,成都,24.0,39,0.6,0.0
2024-06-12,北京,18.7,23,7.1,0.0
2024-06-12,上海,19.8,34,8.2,11.7
2024-06-12,广州,28.6,39,1.8,2.7
2024-06-12,杭州,33.2,32,9.3,8.2
2024-06-12,成都,16.3,41,6.1,0.0
2024-06-13,北京,23.0,26,5.7,0.0
2024-06-13,上海,32.1,24,7.9,0.8
2024-06-13,广州,29.6,37,1.2,0.0
2024-06-13,杭州,29.8,35,3.0,0.6
2024-06-13,成都,25.2,35,3.6,0.0
2024-06-14,北京,13.9,20,3.6,21.8
2024-06-14,上海,23.7,33,6.5,0.0
2024-06-14,广州,24.2,26,1.6,0.0
2024-06-14,杭州,20.8,29,2.4,10.5
2024-06-14,成都,19.5,27,11.6,0.0
2024-06-15,北京,33.0,36,5.0,19.6
2024-06-15,上海,26.2,22,8.8,0.0
2024-06-15,广州,22.3,35,0.7,0.0
2024-06-15,杭州,32.7,35,10.4,24.2
2024-06-15,成都,18.1,38,8.8,0.0
2024-06-16,北京,33.7,22,7.8,0.0
2024-06-16,上海,25.8,21,3.0,0.0
2024-06-16,广州,26.7,42,9.4,0.0
2024-06-16,杭州,18.3,26,11.5,0.0
2024-06-16,成都,21.5,22,4.8,0.0
2024-06-17,北京,18.9,27,6.3,0.0
2024-06-17,上海,27.9,40,12.0,0.0
2024-06-17,广州,25.6,42,5.4,0.0
2024-06-17,杭州,20.7,25,5.8,0.0
2024-06-17,成都,21.1,27,6.7,0.0
2024-06-18,北京,31.4,31,7.8,0.0
2024-06-18,上海,31.9,23,11.9,0.0
2024-06-18,广州,21.7,45,0.7,0.0
2024-06-18,杭州,16.1,39,11.2,11.1
2024-06-18,成都,21.6,23,8.2,0.0
2024-06-19,北京,16.9,32,6.8,21.4
2024-06-19,上海,32.2,31,11.6,0.0
2024-06-19,广州,26.6,45,8.6,0.0
2024-06-19,杭州,14.2,31,9.5,0.0
2024-06-19,成都,15.4,30,4.0,0.0
2024-06-20,北京,32.9,25,0.5,0.0
2024-06-20,上海,16.6,20,2.3,0.0
2024-06-20,广州,33.1,44,4.2,14.3
2024-06-20,杭州,22.6,37,11.7,16.1
2024-06-20,成都,26.6,40,5.4,0.0
2024-06-21,北京,21.0,23,5.1,4.0
2024-06-21,上海,19.9,24,6.3,0.0
2024-06-21,广州,32.5,45,11.0,0.0
2024-06-21,杭州,17.2,30,2.8,10.9
2024-06-21,成都,22.6,40,2.3,0.0
2024-06-22,北京,24.5,20,7.1,18.4
2024-06-22,上海,32.7,40,7.8,0.0
2024-06-22,广州,23.8,32,3.9,0.0
2024-06-22,杭州,18.9,32,9.4,0.0
2024-06-22,成都,15.5,26,7.7,0.0
2024-06-23,北京,25.3,21,1.8,0.0
2024-06-23,上海,18.1,24,3.7,0.0
2024-06-23,广州,21.5,40,10.2,0.0
2024-06-23,杭州,18.2,23,6.1,1.8
2024-06-23,成都,29.2,24,2.9,0.0
2024-06-24,北京,32.5,38,10.9,0.0
2024-06-24,上海,19.1,20,10.9,0.0
2024-06-24,广州,30.1,26,1.8,8.7
2024-06-24,杭州,33.9,39,6.8,18.5
2024-06-24,成都,28.5,28,7.5,0.0
2024-06-25,北京,23.9,22,3.0,0.0
2024-06-25,上海,31.3,20,4.3,18.2
2024-06-25,广州,35.0,33,3.6,2.3
2024-06-25,杭州,28.2,40,3.9,0.0
2024-06-25,成都,19.9,38,11.4,0.0
2024-06-26,北京,17.8,24,8.4,0.0
2024-06-26,上海,20.8,32,1.7,0.0
2024-06-26,广州,29.4,30,9.6,0.0
2024-06-26,杭州,23.8,34,5.4,0.0
2024-06-26,成都,26.3,41,1.7,0.0
2024-06-27,北京,16.6,29,4.8,0.0
2024-06-27,上海,17.1,25,10.7,0.0
2024-06-27,广州,24.0,38,3.9,0.0
2024-06-27,杭州,26.9,36,4.6,4.5
2024-06-27,成都,16.5,27,4.6,16.4
2024-06-28,北京,20.6,28,1.9,0.3
2024-06-28,上海,21.6,34,7.0,5.8
2024-06-28,广州,21.1,34,7.4,0.0
2024-06-28,杭州,16.1,28,8.7,0.0
2024-06-28,成都,26.1,24,7.1,0.0
2024-06-29,北京,27.7,31,4.2,4.9
2024-06-29,上海,29.6,35,1.0,3.0
2024-06-29,广州,27.2,44,4.3,0.0
2024-06-29,杭州,25.5,29,0.7,0.0
2024-06-29,成都,21.5,22,11.0,21.0
2024-06-30,北京,21.3,35,11.1,16.1
2024-06-30,上海,17.2,23,10.0,0.0
2024-06-30,广州,24.8,35,9.2,0.0
2024-06-30,杭州,25.1,30,6.2,7.5
2024-06-30,成都,29.7,37,10.3,0.0
2024-07-01,北京,14.2,28,11.3,5.6
2024-07-01,上海,29.1,23,1.7,17.2
2024-07-01,广州,26.3,29,1.5,0.0
2024-07-01,杭州,29.3,36,11.9,0.0
2024-07-01,成都,26.4,29,10.7,1.2
2024-07-02,北京,18.3,25,4.3,0.0
2024-07-02,上海,28.9,27,8.5,0.0
2024-07-02,广州,28.5,27,2.0,0.0
2024-07-02,杭州,28.2,32,7.8,0.0
2024-07-02,成都,19.7,28,7.1,0.0
2024-07-03,北京,33.5,27,9.4,0.0
2024-07-03,上海,17.0,28,8.7,0.0
2024-07-03,广州,32.5,31,8.1,0.0
2024-07-03,杭州,17.5,21,1.4,0.0
2024-07-03,成都,13.6,27,5.9,0.0
2024-07-04,北京,22.5,27,2.9,0.0
2024-07-04,上海,24.2,29,9.2,11.4
2024-07-04,广州,21.9,40,1.7,22.9
2024-07-04,杭州,21.0,33,10.5,0.0
2024-07-04,成都,24.7,27,1.3,0.0
2024-07-05,北京,26.9,35,8.0,21.9
2024-07-05,上海,27.8,26,0.7,0.0
2024-07-05,广州,23.6,39,8.1,0.0
2024-07-05,杭州,18.7,36,1.5,0.0
2024-07-05,成都,12.4,37,5.5,11.0
2024-07-06,北京,19.8,20,8.0,0.0
2024-07-06,上海,22.5,28,2.7,6.9
2024-07-06,广州,28.9,40,5.5,0.0
2024-07-06,杭州,26.1,22,3.0,0.9
2024-07-06,成都,14.7,23,6.6,22.1
2024-07-07,北京,27.2,29,5.0,18.3
2024-07-07,上海,30.0,27,6.2,5.1
2024-07-07,广州,29.4,43,3.8,4.6
2024-07-07,杭州,31.2,38,6.0,22.7
2024-07-07,成都,14.2,31,8.3,8.3
2024-07-08,北京,21.7,20,8.2,0.0
2024-07-08,上海,15.8,27,10.6,19.0
2024-07-08,广州,19.7,35,11.6,0.0
2024-07-08,杭州,23.0,26,5.9,0.4
2024-07-08,成都,22.8,30,10.1,0.0
2024-07-09,北京,15.3,21,9.4,20.1
2024-07-09,上海,21.0,34,9.0,0.0
2024-07-09,广州,23.5,39,3.4,0.0
2024-07-09,杭州,29.6,28,8.7,0.0
2024-07-09,成都,24.6,40,6.1,13.0
2024-07-10,北京,25.9,21,11.8,0.0
2024-07-10,上海,26.4,23,4.6,14.4
2024-07-10,广州,30.3,37,4.6,0.0
2024-07-10,杭州,17.3,31,7.8,0.0
2024-07-10,成都,26.6,38,10.8,0.0
2024-07-11,北京,33.1,33,2.5,0.0
2024-07-11,上海,21.3,29,5.0,0.0
2024-07-11,广州,34.9,33,2.7,0.0
2024-07-11,杭州,27.2,38,1.9,0.0
2024-07-11,成都,20.5,32,3.8,0.0
2024-07-12,北京,22.7,21,5.9,24.2
2024-07-12,上海,25.8,24,4.0,20.0
2024-07-12,广州,19.7,25,3.0,0.0
2024-07-12,杭州,15.9,34,4.0,0.0
2024-07-12,成都,22.4,21,1.1,22.0
2024-07-13,北京,29.2,33,8.2,0.0
2024-07-13,上海,18.1,21,8.7,18.3
2024-07-13,广州,26.2,26,3.8,23.3
2024-07-13,杭州,18.4,39,4.9,0.0
2024-07-13,成都,27.1,29,11.1,0.0
2024-07-14,北京,15.4,30,8.3,14.5
2024-07-14,上海,26.8,25,3.4,0.0
2024-07-14,广州,22.6,33,1.5,0.0
2024-07-14,杭州,25.8,36,2.6,0.0
2024-07-14,成都,25.8,24,2.1,0.0
2024-07-15,北京,18.5,28,5.9,0.0
2024-07-15,上海,22.4,32,5.8,0.0
2024-07-15,广州,19.9,37,1.5,22.7
2024-07-15,杭州,28.8,37,6.4,13.6
2024-07-15,成都,20.5,30,1.1,0.0
2024-07-16,北京,14.3,20,5.8,0.0
2024-07-16,上海,24.0,20,1.5,24.7
2024-07-16,广州,21.2,43,1.6,12.0
2024-07-16,杭州,20.0,20,1.9,0.0
2024-07-16,成都,19.5,22,8.6,0.0
2024-07-17,北京,24.1,32,2.1,0.0
2024-07-17,上海,26.1,23,4.0,24.7
2024-07-17,广州,19.6,39,7.7,1.7
2024-07-17,杭州,16.5,22,6.5,2.6
2024-07-17,成都,10.0,37,5.6,3.0
2024-07-18,北京,20.6,22,9.9,0.0
2024-07-18,上海,24.5,38,8.3,0.0
2024-07-18,广州,29.1,37,2.2,3.5
2024-07-18,杭州,28.0,26,2.5,0.0
2024-07-18,成都,20.2,36,6.0,2.5
2024-07-19,北京,24.7,28,8.2,0.0
2024-07-19,上海,27.0,22,5.8,0.0
2024-07-19,广州,21.8,33,5.8,0.0
2024-07-19,杭州,13.7,28,0.9,0.0
2024-07-19,成都,22.3,35,1.0,0.0
2024-07-20,北京,33.2,31,10.6,0.0
2024-07-20,上海,15.7,24,4.6,0.0
2024-07-20,广州,27.3,35,10.9,0.0
2024-07-20,杭州,23.5,24,8.0,0.0
2024-07-20,成都,23.5,31,5.8,0.0
2024-07-21,北京,14.7,26,11.1,21.0
2024-07-21,上海,23.5,34,7.5,17.7
2024-07-21,广州,27.4,40,3.5,0.0
2024-07-21,杭州,25.0,37,4.5,0.0
2024-07-21,成都,17.4,22,0.8,0.0
2024-07-22,北京,16.7,20,6.2,0.0
2024-07-22,上海,20.8,26,11.8,0.0
2024-07-22,广州,30.9,31,1.7,0.0
2024-07-22,杭州,27.7,31,9.2,0.0
2024-07-22,成都,10.8,40,3.4,18.7
2024-07-23,北京,21.4,28,7.5,0.0
2024-07-23,上海,30.7,29,1.7,0.0
2024-07-23,广州,21.6,44,7.1,6.3
2024-07-23,杭州,22.0,28,3.1,0.0
2024-07-23,成都,18.0,37,9.8,14.6
2024-07-24,北京,25.7,20,2.8,0.0
2024-07-24,上海,30.2,30,9.4,0.0
2024-07-24,广州,32.9,34,2.6,0.0
2024-07-24,杭州,31.3,39,6.6,5.2
2024-07-24,成都,25.6,37,4.5,0.0
2024-07-25,北京,24.1,21,9.7,0.0
2024-07-25,上海,25.8,21,7.0,12.9
2024-07-25,广州,21.1,39,3.2,0.0
2024-07-25,杭州,20.0,26,9.9,20.7
2024-07-25,成都,17.1,32,1.3,0.0
2024-07-26,北京,33.3,20,6.6,12.9
2024-07-26,上海,25.6,28,5.1,17.4
2024-07-26,广州,21.2,39,11.3,0.0
2024-07-26,杭州,26.2,20,4.4,8.4
2024-07-26,成都,24.4,25,2.8,0.0
2024-07-27,北京,18.9,20,3.2,23.7
2024-07-27,上海,30.4,20,4.5,10.4
2024-07-27,广州,31.0,26,10.7,0.0
2024-07-27,杭州,16.0,20,1.7,0.0
2024-07-27,成都,13.9,32,5.5,21.2
2024-07-28,北京,33.4,20,11.2,19.5
2024-07-28,上海,18.7,38,10.4,0.0
2024-07-28,广州,30.9,41,6.0,0.0
2024-07-28,杭州,20.9,23,5.4,0.0
2024-07-28,成都,12.2,35,1.9,0.0
2024-07-29,北京,31.8,28,2.7,0.0
2024-07-29,上海,16.5,26,1.6,10.3
2024-07-29,广州,31.2,41,7.0,0.0
2024-07-29,杭州,13.8,26,9.8,3.2
2024-07-29,成都,13.0,22,4.1,0.0
2024-07-30,北京,31.5,26,2.0,0.0
2024-07-30,上海,26.4,21,1.4,0.0
2024-07-30,广州,22.7,35,10.8,0.0
2024-07-30,杭州,22.1,28,11.3,0.0
2024-07-30,成都,15.2,41,3.3,0.0
2024-07-31,北京,18.7,34,6.3,22.5
2024-07-31,上海,27.1,38,6.1,22.8
2024-07-31,广州,32.5,40,3.2,0.0
2024-07-31,杭州,17.6,30,8.8,0.0
2024-07-31,成都,10.2,28,8.5,0.0
2024-08-01,北京,19.5,20,0.7,0.0
2024-08-01,上海,18.1,34,4.9,0.0
2024-08-01,广州,19.2,29,10.3,0.0
2024-08-01,杭州,12.3,28,4.9,5.1
2024-08-01,成都,11.3,31,6.6,0.0
2024-08-02,北京,10.7,25,11.3,0.0
2024-08-02,上海,25.3,26,11.1,0.0
2024-08-02,广州,29.3,39,3.0,18.1
2024-08-02,杭州,23.2,29,9.5,0.0
2024-08-02,成都,21.5,21,6.9,0.0
2024-08-03,北京,29.6,23,10.4,0.0
2024-08-03,上海,21.0,34,8.8,0.0
2024-08-03,广州,21.6,33,5.9,0.0
2024-08-03,杭州,16.3,20,3.7,0.0
2024-08-03,成都,12.9,25,9.4,14.3
2024-08-04,北京,10.8,22,4.7,0.0
2024-08-04,上海,25.7,35,0.6,16.5
2024-08-04,广州,29.7,26,5.6,0.2
2024-08-04,杭州,12.7,27,6.0,0.0
2024-08-04,成都,11.9,20,7.2,22.4
2024-08-05,北京,21.6,20,5.6,19.7
2024-08-05,上海,17.9,31,2.0,0.0
2024-08-05,广州,20.1,40,8.0,16.4
2024-08-05,杭州,15.3,32,10.4,0.0
2024-08-05,成都,8.8,25,1.2,0.0
2024-08-06,北京,15.4,22,0.7,0.0
2024-08-06,上海,26.7,33,8.8,0.0
2024-08-06,广州,22.9,23,6.3,1.9
2024-08-06,杭州,15.7,34,4.8,0.0
2024-08-06,成都,15.5,38,5.4,0.6
2024-08-07,北京,22.7,25,4.4,0.0
2024-08-07,上海,23.8,31,11.3,0.8
2024-08-07,广州,23.2,30,11.2,0.0
2024-08-07,杭州,12.5,35,2.9,17.9
2024-08-07,成都,21.4,36,8.7,0.0
2024-08-08,北京,18.0,32,0.9,0.0
2024-08-08,上海,19.7,36,1.4,23.4
2024-08-08,广州,21.1,37,12.0,0.0
2024-08-08,杭州,25.2,33,8.9,0.0
2024-08-08,成都,17.5,20,7.5,0.0
2024-08-09,北京,20.9,24,3.6,0.0
2024-08-09,上海,18.4,23,4.3,0.0
2024-08-09,广州,31.7,28,5.7,0.0
2024-08-09,杭州,14.1,23,5.6,0.0
2024-08-09,成都,15.4,20,4.5,0.0
2024-08-10,北京,29.2,34,6.1,19.7
2024-08-10,上海,17.4,20,11.1,22.7
2024-08-10,广州,27.4,25,7.5,0.0
2024-08-10,杭州,18.1,20,1.4,0.0
2024-08-10,成都,25.7,36,6.2,0.0
2024-08-11,北京,14.2,20,10.6,3.0
2024-08-11,上海,18.0,33,8.7,0.0
2024-08-11,广州,19.4,22,10.1,4.2
2024-08-11,杭州,13.3,32,10.5,0.0
2024-08-11,成都,24.3,29,2.0,0.0
2024-08-12,北京,15.1,23,1.9,0.0
2024-08-12,上海,27.5,34,7.5,18.1
2024-08-12,广州,19.0,32,11.4,0.0
2024-08-12,杭州,23.4,29,3.8,0.0
2024-08-12,成都,10.4,23,8.8,0.0
2024-08-13,北京,27.2,30,1.5,0.0
2024-08-13,上海,22.9,27,8.2,0.0
2024-08-13,广州,22.5,26,6.3,0.0
2024-08-13,杭州,29.0,20,3.2,0.0
2024-08-13,成都,8.9,34,10.8,0.0
2024-08-14,北京,27.7,27,3.8,0.0
2024-08-14,上海,25.4,20,1.0,0.0
2024-08-14,广州,30.4,27,5.5,22.0
2024-08-14,杭州,17.7,27,3.8,6.8
2024-08-14,成都,15.9,23,3.8,0.0
2024-08-15,北京,30.8,20,11.1,0.0
2024-08-15,上海,16.1,22,6.8,0.0
2024-08-15,广州,20.4,40,10.9,0.0
2024-08-15,杭州,21.7,22,0.6,0.0
2024-08-15,成都,8.5,24,3.7,0.0
2024-08-16,北京,19.0,28,6.5,0.0
2024-08-16,上海,18.4,20,8.7,0.0
2024-08-16,广州,19.7,34,6.2,3.4
2024-08-16,杭州,17.0,20,11.6,0.0
2024-08-16,成都,21.4,25,8.9,12.7
2024-08-17,北京,15.8,34,9.0,0.0
2024-08-17,上海,15.1,26,10.8,2.5
2024-08-17,广州,27.9,37,4.2,0.0
2024-08-17,杭州,23.9,36,0.9,0.0
2024-08-17,成都,8.1,22,7.2,0.0
2024-08-18,北京,14.6,20,3.6,20.3
2024-08-18,上海,25.0,25,2.0,0.0
2024-08-18,广州,19.2,37,10.4,0.0
2024-08-18,杭州,12.1,20,6.1,0.0
2024-08-18,成都,20.8,20,5.3,9.5
2024-08-19,北京,22.3,34,4.5,0.0
2024-08-19,上海,28.3,25,10.2,0.0
2024-08-19,广州,27.4,36,9.7,0.0
2024-08-19,杭州,18.4,31,3.9,24.1
2024-08-19,成都,24.1,27,5.3,0.0
2024-08-20,北京,15.2,27,1.8,0.0
2024-08-20,上海,18.8,20,4.5,0.0
2024-08-20,广州,19.8,36,10.2,0.0
2024-08-20,杭州,22.8,23,0.8,5.4
2024-08-20,成都,23.3,31,1.2,0.0
2024-08-21,北京,15.5,24,5.2,0.0
2024-08-21,上海,20.4,24,11.0,18.2
2024-08-21,广州,22.8,22,4.0,0.0
2024-08-21,杭州,22.3,21,6.7,0.0
2024-08-21,成都,10.0,37,7.5,13.5
2024-08-22,北京,30.0,20,9.7,17.6
2024-08-22,上海,27.7,33,1.2,5.3
2024-08-22,广州,25.5,26,10.1,0.0
2024-08-22,杭州,24.9,25,9.7,0.0
2024-08-22,成都,14.0,24,6.9,0.3
2024-08-23,北京,27.8,30,1.7,0.0
2024-08-23,上海,21.3,21,3.8,15.8
2024-08-23,广州,27.6,22,3.6,19.6
2024-08-23,杭州,23.8,20,9.9,0.0
2024-08-23,成都,23.5,20,1.3,0.0
2024-08-24,北京,26.0,27,0.7,0.0
2024-08-24,上海,22.1,20,1.6,0.0
2024-08-24,广州,23.5,40,10.4,0.0
2024-08-24,杭州,19.7,20,4.0,0.0
2024-08-24,成都,9.8,38,7.1,0.0
2024-08-25,北京,19.0,21,11.6,0.0
2024-08-25,上海,21.3,33,6.3,0.0
2024-08-25,广州,31.9,33,11.4,0.0
2024-08-25,杭州,24.9,30,3.1,0.0
2024-08-25,成都,15.2,25,5.6,0.0
2024-08-26,北京,12.3,23,4.3,0.0
2024-08-26,上海,28.6,20,7.0,23.6
2024-08-26,广州,26.3,23,2.1,0.0
2024-08-26,杭州,20.5,34,9.2,12.3
2024-08-26,成都,15.4,28,10.1,17.2
2024-08-27,北京,22.6,20,3.6,14.1
2024-08-27,上海,21.3,31,4.1,0.0
2024-08-27,广州,22.5,36,6.4,0.0
2024-08-27,杭州,29.9,20,11.1,0.0
2024-08-27,成都,9.4,22,9.2,18.7
2024-08-28,北京,13.5,28,10.5,22.1
2024-08-28,上海,21.4,36,9.7,0.0
2024-08-28,广州,28.5,38,5.3,2.9
2024-08-28,杭州,29.9,24,6.5,0.0
2024-08-28,成都,14.7,38,2.4,17.1
2024-08-29,北京,26.9,25,6.5,11.6
2024-08-29,上海,28.0,20,2.4,0.0
2024-08-29,广州,24.6,31,5.3,1.7
2024-08-29,杭州,29.6,25,8.6,2.3
2024-08-29,成都,16.3,21,1.2,0.0
2024-08-30,北京,13.3,25,7.8,0.0
2024-08-30,上海,19.2,20,11.2,20.5
2024-08-30,广州,30.2,39,8.9,0.0
2024-08-30,杭州,25.8,24,7.0,0.0
2024-08-30,成都,11.6,36,2.3,0.0
2024-08-31,北京,15.9,22,7.0,13.1
2024-08-31,上海,23.7,28,4.3,0.0
2024-08-31,广州,26.3,29,11.6,0.0
2024-08-31,杭州,23.1,31,2.9,5.8
2024-08-31,成都,11.9,37,2.2,21.9
2024-09-01,北京,13.5,20,2.1,0.0
2024-09-01,上海,16.8,26,4.3,0.0
2024-09-01,广州,16.8,33,5.0,0.0
2024-09-01,杭州,20.4,22,4.1,0.0
2024-09-01,成都,13.7,32,10.2,0.0
2024-09-02,北京,25.0,20,8.7,0.0
2024-09-02,上海,18.5,26,8.5,3.0
2024-09-02,广州,25.8,36,4.5,9.1
2024-09-02,杭州,16.7,22,8.9,14.0
2024-09-02,成都,21.0,20,4.9,18.7
2024-09-03,北京,7.7,23,4.7,14.7
2024-09-03,上海,15.6,22,11.0,0.0
2024-09-03,广州,15.6,24,0.9,12.0
2024-09-03,杭州,10.2,20,3.7,14.3
2024-09-03,成都,6.0,28,12.0,0.0
2024-09-04,北京,16.6,24,9.1,0.0
2024-09-04,上海,18.3,20,0.9,22.4
2024-09-04,广州,17.3,21,10.5,10.5
2024-09-04,杭州,22.6,20,5.6,0.0
2024-09-04,成都,10.4,30,3.7,0.0
2024-09-05,北京,19.6,20,4.3,0.0
2024-09-05,上海,22.7,20,10.9,0.0
2024-09-05,广州,26.4,32,0.7,0.0
2024-09-05,杭州,16.0,20,1.2,0.0
2024-09-05,成都,13.3,21,1.5,0.0
2024-09-06,北京,12.6,20,8.4,0.0
2024-09-06,上海,19.4,20,4.1,0.0
2024-09-06,广州,16.9,30,7.0,0.0
2024-09-06,杭州,18.3,25,1.5,0.0
2024-09-06,成都,8.3,20,2.6,0.0
2024-09-07,北京,25.4,20,9.6,9.4
2024-09-07,上海,12.5,20,4.0,0.0
2024-09-07,广州,26.3,22,9.1,0.0
2024-09-07,杭州,14.3,23,8.6,3.5
2024-09-07,成都,10.4,20,10.1,5.0
2024-09-08,北京,25.6,20,8.5,12.2
2024-09-08,上海,18.7,22,9.4,0.0
2024-09-08,广州,25.0,21,0.9,0.0
2024-09-08,杭州,15.5,28,7.0,0.0
2024-09-08,成都,12.2,33,9.8,0.0
2024-09-09,北京,11.3,25,6.8,0.0
2024-09-09,上海,14.9,27,9.4,11.7
2024-09-09,广州,15.9,20,6.4,0.0
2024-09-09,杭州,16.9,25,7.2,0.0
2024-09-09,成都,11.4,31,10.9,2.6
2024-09-10,北京,14.1,20,2.3,0.0
2024-09-10,上海,15.7,20,2.7,0.0
2024-09-10,广州,17.4,33,2.6,20.2
2024-09-10,杭州,16.6,29,8.5,0.0
2024-09-10,成都,12.8,20,3.4,0.0
2024-09-11,北京,13.8,21,4.0,0.0
2024-09-11,上海,22.5,27,1.7,0.0
2024-09-11,广州,18.6,34,5.1,12.8
2024-09-11,杭州,23.8,30,11.6,0.0
2024-09-11,成都,8.6,31,9.1,8.3
2024-09-12,北京,25.3,20,4.1,0.0
2024-09-12,上海,21.5,25,5.1,0.0
2024-09-12,广州,23.1,22,10.7,2.0
2024-09-12,杭州,13.2,20,5.5,0.0
2024-09-12,成都,7.9,30,10.2,0.0
2024-09-13,北京,16.3,20,1.6,0.0
2024-09-13,上海,16.4,20,11.0,0.0
2024-09-13,广州,25.1,23,9.3,3.2
2024-09-13,杭州,21.3,20,5.1,7.1
2024-09-13,成都,16.0,26,7.4,0.0
2024-09-14,北京,13.9,27,0.8,0.0
2024-09-14,上海,13.7,20,4.7,20.6
2024-09-14,广州,22.5,28,11.0,0.0
2024-09-14,杭州,11.6,20,1.0,2.3
2024-09-14,成都,11.5,20,5.4,9.7
2024-09-15,北京,22.7,20,3.5,0.0
2024-09-15,上海,13.7,23,8.3,0.0
2024-09-15,广州,20.8,20,4.5,0.0
2024-09-15,杭州,19.7,23,9.7,8.0
2024-09-15,成都,14.4,25,8.4,16.3
2024-09-16,北京,19.9,22,9.4,6.5
2024-09-16,上海,19.4,30,9.8,0.0
2024-09-16,广州,21.3,31,8.7,0.0
2024-09-16,杭州,24.6,20,9.5,0.0
2024-09-16,成都,13.7,25,10.5,0.2
2024-09-17,北京,25.0,27,3.5,0.0
2024-09-17,上海,19.2,25,5.5,0.0
2024-09-17,广州,16.0,31,5.8,15.0
2024-09-17,杭州,15.2,24,4.4,20.5
2024-09-17,成都,13.9,20,3.9,0.0
2024-09-18,北京,15.8,20,7.8,0.0
2024-09-18,上海,16.0,20,6.6,0.0
2024-09-18,广州,17.5,33,1.6,0.0
2024-09-18,杭州,19.3,24,10.8,11.5
2024-09-18,成都,15.1,29,7.0,8.2
2024-09-19,北京,8.2,28,11.7,0.0
2024-09-19,上海,22.5,23,6.4,0.0
2024-09-19,广州,19.4,36,9.1,0.0
2024-09-19,杭州,9.8,20,8.8,0.0
2024-09-19,成都,6.7,26,11.6,0.0
2024-09-20,北京,18.1,20,7.6,0.0
2024-09-20,上海,21.4,20,4.8,0.0
2024-09-20,广州,24.2,29,3.7,0.0
2024-09-20,杭州,12.4,27,8.2,0.0
2024-09-20,成都,19.6,22,3.6,0.0
2024-09-21,北京,7.8,22,8.1,11.6
2024-09-21,上海,21.4,31,4.2,0.5
2024-09-21,广州,19.2,20,7.5,0.0
2024-09-21,杭州,18.9,25,7.3,0.0
2024-09-21,成都,10.6,25,6.0,0.0
2024-09-22,北京,13.8,20,4.5,0.0
2024-09-22,上海,17.3,26,2.9,0.0
2024-09-22,广州,23.2,24,5.1,0.0
2024-09-22,杭州,18.4,20,7.8,0.0
2024-09-22,成都,10.9,20,9.1,0.0
2024-09-23,北京,13.1,20,5.7,0.0
2024-09-23,上海,13.4,29,2.4,0.0
2024-09-23,广州,20.5,20,9.1,18.6
2024-09-23,杭州,24.8,23,11.1,15.2
2024-09-23,成都,18.7,20,5.1,2.8
2024-09-24,北京,12.9,20,9.3,0.0
2024-09-24,上海,23.7,28,5.2,0.0
2024-09-24,广州,20.3,35,3.7,0.0
2024-09-24,杭州,19.3,31,9.3,13.4
2024-09-24,成都,11.6,25,6.2,0.0
2024-09-25,北京,22.8,23,2.3,0.0
2024-09-25,上海,16.5,20,6.6,11.6
2024-09-25,广州,17.5,20,4.9,0.0
2024-09-25,杭州,24.6,24,2.7,5.6
2024-09-25,成都,15.0,29,12.0,0.0
2024-09-26,北京,21.0,20,4.2,14.2
2024-09-26,上海,17.4,20,11.4,15.0
2024-09-26,广州,24.6,28,6.8,0.0
2024-09-26,杭州,22.7,20,5.8,0.0
2024-09-26,成都,9.2,28,11.3,0.0
2024-09-27,北京,13.5,20,1.2,14.4
2024-09-27,上海,17.2,30,5.6,4.4
2024-09-27,广州,20.8,36,1.8,0.0
2024-09-27,杭州,14.6,20,3.3,0.0
2024-09-27,成都,6.6,20,8.3,0.0
2024-09-28,北京,17.1,24,10.4,10.4
2024-09-28,上海,14.8,28,1.9,0.0
2024-09-28,广州,22.9,33,8.7,0.0
2024-09-28,杭州,22.3,20,3.9,0.0
2024-09-28,成都,18.2,20,4.7,0.0
2024-09-29,北京,17.0,29,5.6,0.0
2024-09-29,上海,12.8,20,9.2,0.0
2024-09-29,广州,24.6,21,4.7,0.0
2024-09-29,杭州,11.7,20,9.6,2.4
2024-09-29,成都,15.5,20,5.8,0.0
2024-09-30,北京,21.4,20,4.4,0.0
2024-09-30,上海,15.6,25,8.5,0.0
2024-09-30,广州,22.3,20,2.2,5.5
2024-09-30,杭州,15.2,22,8.7,17.9
2024-09-30,成都,14.3,22,6.0,0.0
2024-10-01,北京,8.4,20,2.2,9.6
2024-10-01,上海,13.7,20,10.3,0.0
2024-10-01,广州,13.2,20,3.5,0.0
2024-10-01,杭州,14.9,20,5.2,0.0
2024-10-01,成都,4.0,20,7.9,0.0
2024-10-02,北京,11.5,20,4.8,0.0
2024-10-02,上海,12.4,20,10.5,0.0
2024-10-02,广州,15.9,21,0.7,0.0
2024-10-02,杭州,10.1,20,2.9,15.2
2024-10-02,成都,10.7,20,8.0,0.0
2024-10-03,北京,10.9,22,10.9,0.0
2024-10-03,上海,15.6,20,10.8,0.0
2024-10-03,广州,14.9,20,5.1,8.2
2024-10-03,杭州,6.8,21,11.6,0.0
2024-10-03,成都,8.5,20,11.7,14.2
2024-10-04,北京,7.7,20,9.7,23.4
2024-10-04,上海,15.7,20,8.4,0.0
2024-10-04,广州,12.3,28,3.6,18.6
2024-10-04,杭州,14.8,20,10.9,7.6
2024-10-04,成都,4.5,20,7.2,0.0
2024-10-05,北京,11.0,20,10.6,19.8
2024-10-05,上海,8.7,20,1.8,4.9
2024-10-05,广州,16.3,20,7.4,0.2
2024-10-05,杭州,11.2,20,8.8,0.0
2024-10-05,成都,9.7,24,9.8,0.0
2024-10-06,北京,10.8,20,3.4,0.0
2024-10-06,上海,10.4,24,2.5,0.0
2024-10-06,广州,16.1,29,3.9,0.0
2024-10-06,杭州,9.0,20,8.3,0.0
2024-10-06,成都,9.5,20,11.7,0.0
2024-10-07,北京,11.3,20,10.8,0.0
2024-10-07,上海,12.5,20,1.3,0.0
2024-10-07,广州,14.4,23,4.4,0.0
2024-10-07,杭州,15.9,20,9.5,0.0
2024-10-07,成都,4.6,22,4.0,0.0
2024-10-08,北京,11.1,20,11.2,16.8
2024-10-08,上海,10.9,20,9.3,0.0
2024-10-08,广州,18.8,28,8.1,12.9
2024-10-08,杭州,11.7,23,9.6,0.0
2024-10-08,成都,5.2,20,5.9,0.0
2024-10-09,北京,8.6,20,4.0,0.0
2024-10-09,上海,15.5,20,5.7,0.0
2024-10-09,广州,15.1,22,0.6,0.0
2024-10-09,杭州,6.7,20,4.6,0.0
2024-10-09,成都,13.7,20,0.7,0.0
2024-10-10,北京,7.1,20,3.9,0.0
2024-10-10,上海,10.9,20,4.2,0.0
2024-10-10,广州,13.6,20,7.6,0.0
2024-10-10,杭州,9.3,20,3.3,12.0
2024-10-10,成都,10.7,21,11.4,0.0
2024-10-11,北京,15.7,20,8.4,0.0
2024-10-11,上海,12.4,20,11.8,0.0
2024-10-11,广州,12.5,20,7.9,9.2
2024-10-11,杭州,17.1,20,5.9,0.0
2024-10-11,成都,2.9,20,10.0,0.0
2024-10-12,北京,12.8,20,2.8,6.1
2024-10-12,上海,13.2,20,6.9,0.0
2024-10-12,广州,17.5,20,9.4,19.6
2024-10-12,杭州,14.5,20,11.5,0.0
2024-10-12,成都,11.3,20,2.6,0.0
2024-10-13,北京,10.9,20,2.8,0.0
2024-10-13,上海,10.3,23,9.1,3.0
2024-10-13,广州,15.3,21,9.8,0.0
2024-10-13,杭州,16.0,20,11.0,0.0
2024-10-13,成都,2.2,20,12.0,0.0
2024-10-14,北京,17.1,20,9.6,0.0
2024-10-14,上海,13.2,24,1.3,2.3
2024-10-14,广州,16.5,20,6.6,0.0
2024-10-14,杭州,16.2,20,7.1,0.0
2024-10-14,成都,9.8,20,9.1,0.0
2024-10-15,北京,10.5,20,5.9,0.0
2024-10-15,上海,16.9,20,8.0,16.2
2024-10-15,广州,14.7,25,9.5,0.0
2024-10-15,杭州,17.4,20,5.1,15.6
2024-10-15,成都,6.7,20,3.1,0.0
2024-10-16,北京,7.9,20,7.2,0.0
2024-10-16,上海,12.8,24,8.2,0.0
2024-10-16,广州,16.6,20,10.8,0.0
2024-10-16,杭州,12.9,20,9.4,4.5
2024-10-16,成都,2.3,25,11.4,3.2
2024-10-17,北京,9.2,20,4.3,5.8
2024-10-17,上海,9.9,20,2.4,0.0
2024-10-17,广州,13.9,20,9.4,21.9
2024-10-17,杭州,17.3,20,10.1,0.0
2024-10-17,成都,7.3,20,4.9,0.0
2024-10-18,北京,10.0,20,9.4,0.0
2024-10-18,上海,9.1,20,6.3,0.0
2024-10-18,广州,16.1,20,9.2,12.2
2024-10-18,杭州,13.3,20,5.3,2.3
2024-10-18,成都,8.1,21,3.4,11.4
2024-10-19,北京,4.1,20,5.1,0.0
2024-10-19,上海,11.2,20,10.1,0.0
2024-10-19,广州,18.8,20,3.1,0.0
2024-10-19,杭州,13.8,20,10.6,24.1
2024-10-19,成都,10.8,20,1.0,0.0
2024-10-20,北京,6.7,20,2.0,17.4
2024-10-20,上海,14.9,20,7.4,18.5
2024-10-20,广州,14.3,28,5.3,4.3
2024-10-20,杭州,17.2,20,9.0,0.0
2024-10-20,成都,4.2,20,9.5,5.1
2024-10-21,北京,10.1,20,11.0,8.0
2024-10-21,上海,15.0,20,0.8,0.0
2024-10-21,广州,17.9,20,11.0,9.4
2024-10-21,杭州,13.2,20,2.5,8.7
2024-10-21,成都,4.7,20,11.9,11.9
2024-10-22,北京,18.8,20,5.6,0.0
2024-10-22,上海,15.3,20,4.1,0.0
2024-10-22,广州,19.2,20,4.2,0.0
2024-10-22,杭州,17.5,20,6.0,0.0
2024-10-22,成都,12.2,20,1.9,0.0
2024-10-23,北京,16.1,20,3.1,2.4
2024-10-23,上海,11.6,23,1.7,4.6
2024-10-23,广州,17.3,20,8.7,0.0
2024-10-23,杭州,13.1,20,7.1,0.0
2024-10-23,成都,11.1,20,4.3,0.0
2024-10-24,北京,6.2,20,9.1,0.0
2024-10-24,上海,13.7,20,11.8,15.9
2024-10-24,广州,18.7,20,2.4,14.3
2024-10-24,杭州,11.8,20,2.7,0.0
2024-10-24,成都,13.6,20,5.7,15.5
2024-10-25,北京,12.2,20,9.1,0.0
2024-10-25,上海,12.6,20,4.4,0.0
2024-10-25,广州,14.0,24,9.4,0.0
2024-10-25,杭州,7.2,20,9.3,19.5
2024-10-25,成都,7.1,20,11.6,5.7
2024-10-26,北京,10.9,20,1.9,0.0
2024-10-26,上海,9.1,20,4.0,0.0
2024-10-26,广州,19.9,20,11.6,0.0
2024-10-26,杭州,8.2,20,2.7,0.0
2024-10-26,成都,4.7,20,2.8,0.0
2024-10-27,北京,11.9,20,7.0,0.0
2024-10-27,上海,8.4,21,4.7,23.7
2024-10-27,广州,16.2,20,2.3,0.0
2024-10-27,杭州,13.6,23,3.1,0.0
2024-10-27,成都,10.6,23,11.3,0.0
2024-10-28,北京,16.9,20,1.1,0.0
2024-10-28,上海,11.6,20,10.9,0.0
2024-10-28,广州,19.1,23,4.2,0.0
2024-10-28,杭州,9.6,20,3.4,0.0
2024-10-28,成都,5.7,25,7.3,18.9
2024-10-29,北京,6.1,20,10.0,0.0
2024-10-29,上海,15.3,20,5.0,10.5
2024-10-29,广州,16.7,20,10.1,24.1
2024-10-29,杭州,9.3,20,1.9,0.0
2024-10-29,成都,13.3,20,2.9,6.9
2024-10-30,北京,8.9,22,1.8,2.6
2024-10-30,上海,13.7,20,3.2,0.0
2024-10-30,广州,18.6,26,9.0,0.0
2024-10-30,杭州,6.8,20,10.6,0.0
2024-10-30,成都,2.5,20,1.8,0.0
2024-10-31,北京,12.8,20,9.2,2.6
2024-10-31,上海,17.0,23,11.5,0.0
2024-10-31,广州,13.9,24,10.1,0.0
2024-10-31,杭州,11.1,24,1.7,0.0
2024-10-31,成都,12.1,20,10.9,0.0
2024-11-01,北京,3.0,20,11.8,2.5
2024-11-01,上海,7.1,20,7.2,10.8
2024-11-01,广州,8.4,20,6.9,0.0
2024-11-01,杭州,4.3,20,10.5,0.0
2024-11-01,成都,-2.2,20,7.3,0.0
2024-11-02,北京,9.5,20,1.6,0.0
2024-11-02,上海,4.6,20,8.2,0.0
2024-11-02,广州,9.0,20,8.8,16.2
2024-11-02,杭州,4.8,20,7.1,0.0
2024-11-02,成都,4.6,20,9.1,0.0
2024-11-03,北京,9.0,20,7.0,23.6
2024-11-03,上海,3.9,20,9.7,0.0
2024-11-03,广州,10.5,20,4.6,0.0
2024-11-03,杭州,4.1,20,3.7,0.0
2024-11-03,成都,-0.1,20,3.5,0.0
2024-11-04,北京,1.7,20,8.0,0.0
2024-11-04,上海,6.9,20,10.2,0.0
2024-11-04,广州,8.7,20,6.7,0.0
2024-11-04,杭州,8.7,20,10.0,18.0
2024-11-04,成都,2.3,20,7.7,0.0
2024-11-05,北京,7.4,20,3.5,0.0
2024-11-05,上海,5.1,20,10.8,0.0
2024-11-05,广州,10.9,20,0.7,7.8
2024-11-05,杭州,5.3,20,6.9,0.0
2024-11-05,成都,1.5,20,7.6,2.3
2024-11-06,北京,7.0,20,10.3,8.5
2024-11-06,上海,5.1,20,11.1,23.9
2024-11-06,广州,10.4,20,7.6,0.0
2024-11-06,杭州,3.9,20,5.6,13.7
2024-11-06,成都,2.5,20,0.8,17.4
2024-11-07,北京,1.8,20,5.6,0.0
2024-11-07,上海,4.2,20,3.3,15.3
2024-11-07,广州,10.4,20,6.9,0.0
2024-11-07,杭州,2.9,20,10.3,0.0
2024-11-07,成都,2.2,20,9.1,0.0
2024-11-08,北京,9.8,20,5.5,0.0
2024-11-08,上海,7.7,20,4.2,0.0
2024-11-08,广州,10.9,20,4.2,0.0
2024-11-08,杭州,6.8,20,7.2,22.9
2024-11-08,成都,4.9,20,6.7,20.7
2024-11-09,北京,1.9,20,8.8,0.0
2024-11-09,上海,6.0,20,5.9,0.0
2024-11-09,广州,7.7,20,5.5,0.0
2024-11-09,杭州,2.0,20,0.8,0.0
2024-11-09,成都,2.4,20,6.0,0.0
2024-11-10,北京,0.2,20,1.3,0.0
2024-11-10,上海,6.1,20,8.7,0.0
2024-11-10,广州,10.0,20,11.8,11.3
2024-11-10,杭州,5.5,20,4.3,0.0
2024-11-10,成都,4.1,20,2.2,0.0
2024-11-11,北京,6.7,20,10.4,0.0
2024-11-11,上海,3.7,20,7.3,0.0
2024-11-11,广州,7.7,20,6.6,0.0
2024-11-11,杭州,7.0,20,11.8,0.0
2024-11-11,成都,4.9,20,0.8,0.0
2024-11-12,北京,7.2,20,1.5,0.0
2024-11-12,上海,6.1,20,9.8,0.0
2024-11-12,广州,9.2,20,2.6,4.4
2024-11-12,杭州,4.7,20,6.2,10.0
2024-11-12,成都,-0.8,20,7.8,18.8
2024-11-13,北京,5.0,20,10.6,13.9
2024-11-13,上海,6.6,20,2.4,0.0
2024-11-13,广州,9.4,20,4.3,20.0
2024-11-13,杭州,5.8,20,10.4,0.0
2024-11-13,成都,-1.1,20,6.2,0.0
2024-11-14,北京,9.7,20,10.5,0.0
2024-11-14,上海,6.2,20,2.5,0.0
2024-11-14,广州,10.5,20,6.3,0.0
2024-11-14,杭州,4.8,20,0.9,0.0
2024-11-14,成都,4.7,20,9.8,7.3
2024-11-15,北京,3.2,20,7.3,2.5
2024-11-15,上海,4.4,20,12.0,0.0
2024-11-15,广州,10.8,20,10.1,0.0
2024-11-15,杭州,8.6,20,1.3,3.5
2024-11-15,成都,4.7,20,2.7,0.0
2024-11-16,北京,3.3,20,9.8,0.0
2024-11-16,上海,6.7,20,1.6,0.0
2024-11-16,广州,9.8,20,11.0,0.0
2024-11-16,杭州,6.8,20,5.0,0.0
2024-11-16,成都,-1.0,20,2.1,0.0
2024-11-17,北京,2.6,20,5.4,0.0
2024-11-17,上海,3.9,20,6.1,12.1
2024-11-17,广州,8.9,20,11.9,0.0
2024-11-17,杭州,7.3,20,6.6,23.7
2024-11-17,成都,-0.2,20,9.1,0.0
2024-11-18,北京,1.3,20,9.0,0.0
2024-11-18,上海,3.7,20,4.9,0.0
2024-11-18,广州,9.4,20,9.0,0.0
2024-11-18,杭州,2.8,20,8.3,5.4
2024-11-18,成都,0.9,20,10.8,0.0
2024-11-19,北京,0.3,20,6.2,0.0
2024-11-19,上海,6.3,20,11.1,17.2
2024-11-19,广州,10.7,20,10.9,0.0
2024-11-19,杭州,8.4,20,11.8,0.0
2024-11-19,成都,3.7,20,11.1,0.0
2024-11-20,北京,1.1,20,3.3,0.0
2024-11-20,上海,7.5,20,8.3,0.0
2024-11-20,广州,10.7,20,2.9,0.0
2024-11-20,杭州,7.0,20,5.2,20.6
2024-11-20,成都,0.3,20,9.9,0.0
2024-11-21,北京,5.8,20,8.5,19.2
2024-11-21,上海,4.1,20,1.3,4.0
2024-11-21,广州,10.3,20,2.6,23.6
2024-11-21,杭州,3.4,20,3.8,21.4
2024-11-21,成都,-0.5,20,5.0,0.0
2024-11-22,北京,1.6,20,6.9,0.0
2024-11-22,上海,4.1,20,5.9,5.7
2024-11-22,广州,10.4,20,1.5,0.0
2024-11-22,杭州,2.0,20,7.6,0.0
2024-11-22,成都,-1.4,20,9.3,0.0
2024-11-23,北京,4.8,20,9.3,0.0
2024-11-23,上海,3.7,20,11.4,23.8
2024-11-23,广州,10.7,20,5.8,0.0
2024-11-23,杭州,1.9,20,2.3,1.6
2024-11-23,成都,-1.1,20,4.4,0.0
2024-11-24,北京,-0.2,20,1.3,13.2
2024-11-24,上海,6.0,20,6.8,2.8
2024-11-24,广州,7.7,20,6.6,0.0
2024-11-24,杭州,2.8,20,4.8,2.6
2024-11-24,成都,-0.7,20,0.5,9.7
2024-11-25,北京,5.5,20,9.3,13.6
2024-11-25,上海,3.6,20,11.3,0.0
2024-11-25,广州,8.5,20,4.9,0.0
2024-11-25,杭州,3.3,20,7.5,24.7
2024-11-25,成都,0.9,20,5.7,0.0
2024-11-26,北京,1.9,20,7.8,24.2
2024-11-26,上海,8.0,20,4.7,20.1
2024-11-26,广州,8.0,20,5.2,0.0
2024-11-26,杭州,7.9,20,1.9,0.0
2024-11-26,成都,-0.9,20,5.3,0.0
2024-11-27,北京,7.2,20,11.5,0.0
2024-11-27,上海,5.0,20,2.0,0.0
2024-11-27,广州,8.4,20,7.0,0.0
2024-11-27,杭州,7.0,20,4.7,0.0
2024-11-27,成都,4.0,20,4.8,9.8
2024-11-28,北京,4.4,20,8.0,20.8
2024-11-28,上海,7.0,20,5.2,8.4
2024-11-28,广州,10.6,20,11.3,0.0
2024-11-28,杭州,8.6,20,8.5,0.0
2024-11-28,成都,2.5,20,11.8,0.0
2024-11-29,北京,7.6,20,5.1,0.0
2024-11-29,上海,4.4,20,4.1,18.5
2024-11-29,广州,10.2,20,4.1,0.0
2024-11-29,杭州,6.1,20,10.6,0.0
2024-11-29,成都,3.4,20,0.7,0.0
2024-11-30,北京,8.6,20,10.3,22.5
2024-11-30,上海,4.4,20,11.5,1.7
2024-11-30,广州,9.7,20,7.2,0.0
2024-11-30,杭州,5.1,20,3.8,14.0
2024-11-30,成都,4.3,20,2.4,22.8
2024-12-01,北京,-4.0,20,6.9,0.0
2024-12-01,上海,-3.0,20,11.7,0.0
2024-12-01,广州,1.7,20,1.6,22.0
2024-12-01,杭州,-3.1,20,2.5,17.2
2024-12-01,成都,-6.4,20,7.2,22.3
2024-12-02,北京,-1.1,20,4.5,2.1
2024-12-02,上海,-2.4,20,2.1,9.8
2024-12-02,广州,1.7,20,11.6,17.8
2024-12-02,杭州,-2.1,20,4.6,0.0
2024-12-02,成都,-7.0,20,10.7,0.0
2024-12-03,北京,-5.2,20,2.7,13.0
2024-12-03,上海,-2.9,20,4.2,16.2
2024-12-03,广州,0.6,20,5.7,0.0
2024-12-03,杭州,-3.9,20,8.1,0.8
2024-12-03,成都,-6.3,20,0.6,0.0
2024-12-04,北京,-4.5,20,10.9,0.0
2024-12-04,上海,-2.0,20,8.5,20.1
2024-12-04,广州,0.3,20,5.2,23.6
2024-12-04,杭州,-2.6,20,2.7,2.1
2024-12-04,成都,-7.1,20,9.8,0.0
2024-12-05,北京,-1.7,20,0.8,19.1
2024-12-05,上海,-2.2,20,4.8,20.0
2024-12-05,广州,0.4,20,0.6,20.2
2024-12-05,杭州,-2.3,20,1.3,0.0
2024-12-05,成都,-6.1,20,7.8,16.6
2024-12-06,北京,-2.9,20,8.6,18.7
2024-12-06,上海,-2.1,20,8.8,10.8
2024-12-06,广州,0.6,20,1.1,8.0
2024-12-06,杭州,-2.9,20,9.9,0.0
2024-12-06,成都,-7.0,20,5.9,0.0
2024-12-07,北京,-3.0,20,5.6,0.0
2024-12-07,上海,-2.1,20,3.5,0.0
2024-12-07,广州,0.8,20,8.5,0.0
2024-12-07,杭州,-3.8,20,10.3,0.0
2024-12-07,成都,-7.5,20,7.8,0.0
2024-12-08,北京,-3.0,20,7.9,6.3
2024-12-08,上海,-2.3,20,6.6,0.0
2024-12-08,广州,0.1,20,3.7,1.5
2024-12-08,杭州,-3.0,20,7.6,0.0
2024-12-08,成都,-7.8,20,0.6,0.0
2024-12-09,北京,-5.6,20,9.4,0.0
2024-12-09,上海,-2.7,20,8.3,6.6
2024-12-09,广州,0.3,20,4.6,0.0
2024-12-09,杭州,-3.3,20,9.3,25.0
2024-12-09,成都,-7.6,20,2.5,0.0
2024-12-10,北京,-4.0,20,4.2,0.0
2024-12-10,上海,-2.9,20,5.8,0.0
2024-12-10,广州,1.1,20,9.0,0.0
2024-12-10,杭州,-2.1,20,9.6,0.0
2024-12-10,成都,-6.3,20,5.1,19.8
2024-12-11,北京,-2.7,20,2.2,0.0
2024-12-11,上海,-2.2,20,5.0,8.4
2024-12-11,广州,2.0,20,2.3,0.0
2024-12-11,杭州,-2.3,20,3.1,0.0
2024-12-11,成都,-6.6,20,5.5,0.0
2024-12-12,北京,-3.6,20,4.6,23.8
2024-12-12,上海,-2.7,20,3.8,23.6
2024-12-12,广州,0.4,20,6.1,0.0
2024-12-12,杭州,-2.7,20,7.8,0.0
2024-12-12,成都,-7.1,20,7.4,0.0
2024-12-13,北京,-4.3,20,9.8,0.0
2024-12-13,上海,-2.4,20,1.2,0.0
2024-12-13,广州,1.2,20,11.4,0.0
2024-12-13,杭州,-2.2,20,7.8,0.0
2024-12-13,成都,-7.0,20,6.9,0.0
2024-12-14,北京,-4.3,20,10.9,0.0
2024-12-14,上海,-2.8,20,11.7,14.8
2024-12-14,广州,1.5,20,6.1,0.0
2024-12-14,杭州,-4.0,20,10.6,0.0
2024-12-14,成都,-7.7,20,1.4,0.0
2024-12-15,北京,-3.0,20,1.3,0.0
2024-12-15,上海,-2.2,20,8.7,0.0
2024-12-15,广州,0.4,20,3.3,0.0
2024-12-15,杭州,-3.3,20,6.0,6.8
2024-12-15,成都,-7.4,20,7.5,0.0
2024-12-16,北京,-1.9,20,2.7,0.0
2024-12-16,上海,-2.6,20,8.9,0.0
2024-12-16,广州,1.6,20,3.7,0.0
2024-12-16,杭州,-3.2,20,3.9,7.4
2024-12-16,成都,-7.9,20,9.3,11.6
2024-12-17,北京,-1.5,20,5.6,0.0
2024-12-17,上海,-2.2,20,9.2,6.8
2024-12-17,广州,1.4,20,5.7,3.2
2024-12-17,杭州,-2.1,20,1.1,11.9
2024-12-17,成都,-7.7,20,6.8,0.0
2024-12-18,北京,-2.8,20,2.5,0.0
2024-12-18,上海,-2.8,20,3.8,0.0
2024-12-18,广州,0.9,20,1.1,0.0
2024-12-18,杭州,-3.7,20,11.2,2.6
2024-12-18,成都,-7.7,20,1.6,0.0
2024-12-19,北京,-4.2,20,5.2,0.0
2024-12-19,上海,-2.5,20,1.2,0.0
2024-12-19,广州,0.4,20,6.8,5.2
2024-12-19,杭州,-3.7,20,3.1,17.1
2024-12-19,成都,-8.0,20,10.2,1.1
2024-12-20,北京,-4.9,20,11.4,0.0
2024-12-20,上海,-2.1,20,4.2,0.0
2024-12-20,广州,0.7,20,6.4,0.6
2024-12-20,杭州,-2.6,20,6.8,14.7
2024-12-20,成都,-7.6,20,6.2,2.0
2024-12-21,北京,-1.6,20,10.8,5.3
2024-12-21,上海,-2.5,20,9.1,13.9
2024-12-21,广州,1.0,20,10.1,0.0
2024-12-21,杭州,-3.5,20,4.3,3.0
2024-12-21,成都,-7.4,20,5.6,0.0
2024-12-22,北京,-2.6,20,2.9,9.7
2024-12-22,上海,-2.1,20,2.8,0.0
2024-12-22,广州,0.5,20,10.7,0.0
2024-12-22,杭州,-3.3,20,8.0,22.3
2024-12-22,成都,-6.3,20,6.4,5.4
2024-12-23,北京,-5.1,20,2.9,0.0
2024-12-23,上海,-2.4,20,5.8,0.0
2024-12-23,广州,0.5,20,6.0,0.0
2024-12-23,杭州,-2.4,20,1.4,0.0
2024-12-23,成都,-7.9,20,10.4,0.0
2024-12-24,北京,-1.3,20,5.6,0.0
2024-12-24,上海,-3.0,20,1.1,4.8
2024-12-24,广州,1.2,20,1.4,0.0
2024-12-24,杭州,-4.0,20,10.8,6.6
2024-12-24,成都,-6.1,20,1.9,0.0
2024-12-25,北京,-1.2,20,10.6,0.0
2024-12-25,上海,-2.2,20,1.5,21.7
2024-12-25,广州,0.8,20,3.6,14.1
2024-12-25,杭州,-3.9,20,3.0,0.0
2024-12-25,成都,-7.2,20,6.2,0.0
2024-12-26,北京,-3.9,20,7.1,1.6
2024-12-26,上海,-2.8,20,8.7,0.0
2024-12-26,广州,1.6,20,0.8,21.8
2024-12-26,杭州,-3.5,20,9.8,0.0
2024-12-26,成都,-7.9,20,10.1,0.0
2024-12-27,北京,-1.2,20,9.6,0.0
2024-12-27,上海,-2.7,20,4.7,0.0
2024-12-27,广州,1.1,20,6.8,0.0
2024-12-27,杭州,-2.2,20,6.7,16.0
2024-12-27,成都,-7.2,20,5.1,0.0
2024-12-28,北京,-4.3,20,2.2,0.0
2024-12-28,上海,-2.9,20,5.2,0.0
2024-12-28,广州,1.8,20,10.7,9.0
2024-12-28,杭州,-3.1,20,10.4,1.1
2024-12-28,成都,-7.0,20,2.2,15.8
2024-12-29,北京,-2.3,20,2.1,0.0
2024-12-29,上海,-2.2,20,1.4,0.0
2024-12-29,广州,1.8,20,6.8,0.0
2024-12-29,杭州,-2.8,20,11.2,0.0
2024-12-29,成都,-7.7,20,8.4,0.0
2024-12-30,北京,-3.6,20,8.9,0.0
2024-12-30,上海,-2.5,20,6.5,0.0
2024-12-30,广州,1.6,20,9.1,0.0
2024-12-30,杭州,-2.0,20,7.9,0.0
2024-12-30,成都,-6.3,20,8.7,0.0
